document_id,title,agreement_date,source_url,original_filename,content_empty,warning
agreement:bacdacb4c5fb26ea53737d9988f2acf7657569e7abd48723e6ba898ec55b7845,개성공단에서의 <남북상사중재위원회 구성·운영에 관한 합의서> 이행을 위한 부속합의서(2013.9.11),2013-09-11,https://dialogue.unikorea.go.kr/ukd/c/ca/usrtalkmanage/View.do?tab=5&agreement_type=01&id=252,개성공단에서의 남북상사중재위원회 구성운영에 관한 합의서 이행을 위한 .hwp,False,
agreement:1b773119e55b787ae07a31253352c2988452f4e90f4b5ded1e76434df0e03f9c,개성공단 남북공동위원회 구성 및 운영에 관한 합의서(2013.8.28),2013-08-28,https://dialogue.unikorea.go.kr/ukd/c/ca/usrtalkmanage/View.do?tab=5&agreement_type=01&id=250,개성공단 남북공동위원회 구성 및 운영에 관한 합의서(2013.8.28).hwp,False,
agreement:f2343cc3b3e91bb3894f08ff21fdb2660c5c2a5fb46c57dd7a4f72ccb5e46a83,남북적십자 실무접촉(10.01) 합의서,2010-10-01,https://dialogue.unikorea.go.kr/ukd/c/ca/usrtalkmanage/View.do?tab=5&agreement_type=01&id=207,101001 남북적십자실무접촉 합의서.hwp,False,
agreement:63b9c54f294419dfad9660c64629254f977ae16c870dc5b559ff0acfe1161945,남북적십자회담('09.8.26~8.28) 합의서,2009-08-28,https://dialogue.unikorea.go.kr/ukd/c/ca/usrtalkmanage/View.do?tab=5&agreement_type=01&id=206,남북적십자회담 합의서.hwp,False,
agreement:157bb19735d12c5d7c157cc9d521385640e7630e9df8e51d4779aa05de3f4a44,금강산관광 활성화를 위한 남북실무접촉 합의서,2008-02-05,https://dialogue.unikorea.go.kr/ukd/c/ca/usrtalkmanage/View.do?tab=5&agreement_type=01&id=202,금강산관광 활성화를 위한 남북실무접촉 합의서.hwp,False,
agreement:52f54dc0ee3d9d09096bee9f11138951cdd7b69478ed997ca78769cdd0c2ce2b,2008년 베이징올림픽 남북응원단 참가 합의서,2008-02-04,https://dialogue.unikorea.go.kr/ukd/c/ca/usrtalkmanage/View.do?tab=5&agreement_type=01&id=201,080204 2008년 베이징올림픽경기대회 남북응원단 참가를 위한 합의서.hwp,False,
agreement:7dd98feebccb817194d6cd7942062ed90ac90275401b26ba6b25f61d6b0e9f74,남북보건의료·환경보호협력분과위원회 제1차 회의 합의서,2007-12-21,https://dialogue.unikorea.go.kr/ukd/c/ca/usrtalkmanage/View.do?tab=5&agreement_type=01&id=205,남북보건의료환경보호협력분과위제1차회의 합의서.hwp,False,
agreement:6ee3637c7ae63c20e9768467f5d5011b8a96452afa1ae8ea708c95050911a84a,남북농업협력 자재·장비 제공에 관한 합의서,2007-12-18,https://dialogue.unikorea.go.kr/ukd/c/ca/usrtalkmanage/View.do?tab=5&agreement_type=01&id=192,남북농업협력 자재·장비 제공에 관한 합의서.hwp,False,
agreement:dbe775bfddcb98b4b53cfc77b7f0dd1b49ff70cdc97d0d37d83b515f61ab10dd,남북농수산협력분과위원회 제1차 회의 합의서,2007-12-15,https://dialogue.unikorea.go.kr/ukd/c/ca/usrtalkmanage/View.do?tab=5&agreement_type=01&id=191,071215 남북농수산협력분과위원회 제1차 회의 합의서.hwp,False,
agreement:4c2fe95fa98040083ae9c670a3d6232959403157cced30fe373acd2b25da4fdc,남북철도운영공동위원회 제1차 회의 회의록,2007-12-01,https://dialogue.unikorea.go.kr/ukd/c/ca/usrtalkmanage/View.do?tab=5&agreement_type=01&id=199,071201-남북철도운영공동위원회 제1차회의 회의록.hwp,False,
agreement:feacbd11b6394cdd6156ed752659eca59b594103cc4dc6637db51a64e9250fbd,제9차 남북적십자회담 합의서,2007-11-30,https://dialogue.unikorea.go.kr/ukd/c/ca/usrtalkmanage/View.do?tab=5&agreement_type=01&id=187,제9차 남북적십자회담 합의서.hwp,False,
agreement:1081724e8b023f90f1c190ed89c81afa2fefe4d9576af1853823ccfd109f6df9,제2차 남북국방장관회담 합의서,2007-11-29,https://dialogue.unikorea.go.kr/ukd/c/ca/usrtalkmanage/View.do?tab=5&agreement_type=01&id=185,temp.jpg,False,
agreement:d3b6a5652e523281cc79fe55ccebe46133b0951590e2c14d9b83b3e15414fd8f,남북도로협력분과위원회 제1차 실무접촉 합의서,2007-11-29,https://dialogue.unikorea.go.kr/ukd/c/ca/usrtalkmanage/View.do?tab=5&agreement_type=01&id=186,남북도로협력분과위원회 제1차 실무접촉 합의서.hwp,False,
agreement:812890e60d5e7af00fbbd4d2b12cde19fc83403423dfd4afbdeeba00991cd9ce,남북철도협력분과위원회 제1차 실무접촉 합의서,2007-11-21,https://dialogue.unikorea.go.kr/ukd/c/ca/usrtalkmanage/View.do?tab=5&agreement_type=01&id=184,071121-남북철도협력분과위원회 제1차 실무접촉 합의서.hwp,False,
agreement:167594f055d468360f724685c7347fb606ef05c19e3877233a452e7d12508669,남북사이의 열차운행에 관한 기본합의서의 부속서,2007-11-21,https://dialogue.unikorea.go.kr/ukd/c/ca/usrtalkmanage/View.do?tab=5&agreement_type=01&id=183,남북사이의 열차운행에 관한 기본합의서의 부속서.hwp,False,
agreement:de215b6ca3b8c585fbce6ed4006378d52453816503c0f9b86106fa74bb2935be,제1차 남북농업협력 실무접촉 합의서,2007-11-05,https://dialogue.unikorea.go.kr/ukd/c/ca/usrtalkmanage/View.do?tab=5&agreement_type=01&id=179,제1차 남북농업협력 실무접촉 합의서.hwp,False,
agreement:46a13e99e0dc191dc54be9bcf5a27e40e0ef097e4987a34f0e72deca8c46e84e,남북관계 발전과 평화번영을 위한 선언,2007-10-04,https://dialogue.unikorea.go.kr/ukd/c/ca/usrtalkmanage/View.do?tab=5&agreement_type=01&id=178,aa09.jpg,False,
agreement:8ff0024ec0b63de5ecb819cb103480f8b92dfdcda44ebaae338b179f20f040d2,노무현 대통령의 평양방문에 관한 남북합의서,2007-08-05,https://dialogue.unikorea.go.kr/ukd/c/ca/usrtalkmanage/View.do?tab=5&agreement_type=01&id=177,노무현 대통령의 평양방문에 관한 남북합의서.hwp,False,
agreement:d48af1ced0dbb42c6f95952543297a0d7c223312f4e7de73582a892cd3c42934,<남북 경공업 및 지하지원개발 협력에 관한 합의서> 이행을 위한 세부합의서,2007-07-07,https://dialogue.unikorea.go.kr/ukd/c/ca/usrtalkmanage/View.do?tab=5&agreement_type=01&id=259,〈남북+경공업+및+지하자원개발+협력에+관한+합의서〉이행을+위한+세부+합의서.hwp,False,
agreement:db21c8f8262fae9a94c251c86512eb2ce16690a1cea0eed46ea2a13eda01350e,남북철도연결구간 열차시험운행과 관련한 합의서,2007-05-13,https://dialogue.unikorea.go.kr/ukd/c/ca/usrtalkmanage/View.do?tab=5&agreement_type=01&id=173,남북철도연결구간 열차시험운행에 관한 합의서.hwp,False,
agreement:54b29762edeada25851906750df9e465224fc0052ad53e3ff8d2021bd448d555,남북간 식량차관 제공에 관한 합의서,2007-04-22,https://dialogue.unikorea.go.kr/ukd/c/ca/usrtalkmanage/View.do?tab=5&agreement_type=01&id=167,남북간 식량차관 제공에 관한 합의서.hwp,False,
agreement:f57815f646aeb0dfa1a0ecfaf911f0fe00c4a08076305a4e0cbfa0135ae3a6e8,남북 경공업 및 지하자원개발 협력에 관한 합의서의 수정·보충 합의서,2007-04-22,https://dialogue.unikorea.go.kr/ukd/c/ca/usrtalkmanage/View.do?tab=5&agreement_type=01&id=168,남북 경공업 및 지하자원개발 협력에 관한 합의서의 수정·보충 합의서.hwp,False,
agreement:01709ff35396321d2e55d0e30c797ec6f722e79a58fbe630b39867385b0cbfdf,남북경제협력추진위원회 제13차 회의 합의문,2007-04-22,https://dialogue.unikorea.go.kr/ukd/c/ca/usrtalkmanage/View.do?tab=5&agreement_type=01&id=169,남북경제협력추진위원회 제13차 회의 합의문.hwp,False,
agreement:4e74f90e791238fc39d634648079ff10648a264f4f55903a53feaba3186c7379,제8차 남북적십자회담 합의문,2007-04-13,https://dialogue.unikorea.go.kr/ukd/c/ca/usrtalkmanage/View.do?tab=5&agreement_type=01&id=166,제8차 남북적십자회담 합의문.hwp,False,
agreement:5bb246b08039ff0493fbe76c0eba6a59822a2426d27c52ae950b4d8b6f24c024,이산가족문제 해결을 위한 남북적십자단체들의 협력사업에 관한 합의서(2006.6.21),2006-06-21,https://dialogue.unikorea.go.kr/ukd/c/ca/usrtalkmanage/View.do?tab=5&agreement_type=01&id=218,이산가족문제해결을위한남북적십자단체들의 협력사업에 관한 합의서.hwp,False,
agreement:1c2a0d71e79646b3431a29d7793803241263ff726bc31ee421a25ebbe0059672,남북당국대표단의 6.15 민족통일대축전 참가를 위한 실무접촉 합의서(2006.5.23),2006-05-23,https://dialogue.unikorea.go.kr/ukd/c/ca/usrtalkmanage/View.do?tab=5&agreement_type=01&id=159,남북당국대표단의 6.15 민족통일대축전 참가를 위한 실무접촉 합의서.hwp,False,
agreement:72a5354c4a7e9b7958ee77afbc2f2ad391bd3110d36b339e20bfde6a1049e7f7,남북 열차시험운행 행사계획(2006.5.19),2006-05-19,https://dialogue.unikorea.go.kr/ukd/c/ca/usrtalkmanage/View.do?tab=5&agreement_type=01&id=235,060519 열차 시험운행 기념행사 계획.hwp,False,
agreement:cdce74743d98b0e0aeb564529d7e7a6ac04b70574d45acf1a7deaeed351dc1cd,제12차 남북철도·도로실무접촉 합의서(2006.5.12),2006-05-12,https://dialogue.unikorea.go.kr/ukd/c/ca/usrtalkmanage/View.do?tab=5&agreement_type=01&id=156,제12차 남북철도·도로연결실무접촉 합의서.hwp,False,
agreement:2c98386947e3680dc4682e4fcf2ad6ba521bc6d5e5d8ee858b16fdd02db71f5e,제7차 남북적십자회담 합의서 (06. 2. 23),2006-02-23,https://dialogue.unikorea.go.kr/ukd/c/ca/usrtalkmanage/View.do?tab=5&agreement_type=01&id=154,제7차남북적십자회담 합의서.hwp,False,
agreement:8d92f7179611aa8a53e44b1f77c101cb602ac69b6e70cc36af7db3ef9f84d971,남북이산가족 화상상봉 실시에 관한 합의서 (2005. 10. 7),2005-10-07,https://dialogue.unikorea.go.kr/ukd/c/ca/usrtalkmanage/View.do?tab=5&agreement_type=01&id=148,,False,
agreement:6681e456ca10ff28bc08017633ccbaff372d3b3bf33e771f3d03be7f5d62871f,남북농업협력위원회 제1차 회의 합의문(2005.8.19),2005-08-19,https://dialogue.unikorea.go.kr/ukd/c/ca/usrtalkmanage/View.do?tab=5&agreement_type=01&id=137,제1차 농업협력위원회 합의문.pdf,False,
agreement:4bf9e13f7854efd435145d638114f76c17c724444d34c814a9f414773f3e45be,남북농업협력위원회 구성·운영에 관한 합의서(2005.7.31),2005-07-31,https://dialogue.unikorea.go.kr/ukd/c/ca/usrtalkmanage/View.do?tab=5&agreement_type=01&id=217,050731 남북농업협력위원회 구성 운영에 관한 합의서.hwp,False,
agreement:321178e2bb1fae4f8e3e130edd22165d22a5513120110bc172ca02f465b2ec23,남북철도·도로연결실무협의회 제5차 회의 합의서,2005-07-30,https://dialogue.unikorea.go.kr/ukd/c/ca/usrtalkmanage/View.do?tab=5&agreement_type=01&id=136,kbn0307_1951A.hwp,False,
agreement:61dac00f41e25aa2d6b387dd22921d192aa16ccf4e558b2d581e0b25ce76ae24,8. 15 남북통일축구경기 실무절차 합의서 (2005. 7. 28),2005-07-28,https://dialogue.unikorea.go.kr/ukd/c/ca/usrtalkmanage/View.do?tab=5&agreement_type=01&id=149,,False,
agreement:cc516f889fcb1adbf006769c54b47e2dd17ac156ff26c0c5820a30e78df83ea2,남북수산협력실무협의회 제1차 회의 합의서 (2005. 7. 27),2005-07-27,https://dialogue.unikorea.go.kr/ukd/c/ca/usrtalkmanage/View.do?tab=5&agreement_type=01&id=152,,False,
agreement:a1f87711eae7235d360fe33d73502959e1697b80b2fe5553a581f2c94aa60c61,8.15 민족대축전에 남북당국대표단을 파견하기 위한 실무접촉 합의서,2005-07-22,https://dialogue.unikorea.go.kr/ukd/c/ca/usrtalkmanage/View.do?tab=5&agreement_type=01&id=141,8.15 민족 대축전에 남북 당국대표단을 파견하기 위한 실무접촉 합의서.hwp,False,
agreement:95ac899d07158abba66de7aedea8458991e07f45fac064e51e7f3b20897f5d2e,남북 이산가족 시범화상상봉에 관한 합의서 (2005. 7. 19),2005-07-19,https://dialogue.unikorea.go.kr/ukd/c/ca/usrtalkmanage/View.do?tab=5&agreement_type=01&id=147,,False,
agreement:105d19dd3d9595cfca9fe2e30e061da662456d6e3d1fd73cff62fc16e5db081e,6.15 공동선언 발표 5주년 기념 민족통일대축전에 남북 당국대표단을 파견하기 위한 실무합의서(2005.5.28),2005-05-28,https://dialogue.unikorea.go.kr/ukd/c/ca/usrtalkmanage/View.do?tab=5&agreement_type=01&id=213,050528 6.15공동선언 5주년 기념행사 남북 당국대표단 파견을 위한 실무합의서.hwp,False,
agreement:5ebd947a6fbdd68b0b1c49bc3b301eef41662de9961325dbe75aca100e8910e5,남북간 식량차관 제공에 관한 합의서(2004.7.13),2004-07-13,https://dialogue.unikorea.go.kr/ukd/c/ca/usrtalkmanage/View.do?tab=5&agreement_type=01&id=212,040713 남북간 식량차관 제공에 관한 합의서.hwp,False,
agreement:f335b2efc5d4e0b1e598c8c7f2623630f127511440121efc7944527f9cae2cf7,제10차 남북철도·도로연결실무접촉 합의서(2004.7.10),2004-07-10,https://dialogue.unikorea.go.kr/ukd/c/ca/usrtalkmanage/View.do?tab=5&agreement_type=01&id=131,h040702(철도도로접촉10차).hwp,False,
agreement:49ff8cf89b6ed446e8366ace5cccfedccc19b73d320fb7ae68704fc3fbccd13f,남북경제협력추진위원회 제9차 회의 합의문(2004.6.5),2004-06-05,https://dialogue.unikorea.go.kr/ukd/c/ca/usrtalkmanage/View.do?tab=5&agreement_type=01&id=126,h040605(경추위9차).hwp,False,
agreement:1e2d89b76798d497f86d0d8370ee2b6a3602e6a731f2dba72063f1e46b4a2f3f,남북해운합의서(2004.5.28),2004-05-28,https://dialogue.unikorea.go.kr/ukd/c/ca/usrtalkmanage/View.do?tab=5&agreement_type=01&id=127,h040528_해운합의서.hwp,False,
agreement:f547d6264165e2d6e51cef716b1484ef4a97ad5a64e99a74f97312732388fff4,'남북해운합의서'의 이행과 준수를 위한 부속합의서(2004.5.28),2004-05-28,https://dialogue.unikorea.go.kr/ukd/c/ca/usrtalkmanage/View.do?tab=5&agreement_type=01&id=237,040528_남북해운합의서의 이행과 준수를 위한 부속합의서.hwp,False,
agreement:a4d9d721da46481787d9d06b68af74bc8e1560ad85bfc09b818ef663e624b453,남북철도.도로연결실무협의회 제4차 회의 합의서(2004.4.10),2004-04-10,https://dialogue.unikorea.go.kr/ukd/c/ca/usrtalkmanage/View.do?tab=5&agreement_type=01&id=123,h040410(철도협의회4차).hwp,False,
agreement:80e594b398e1471eebaeb127aaa446160f8158e85d531198fa388ffc11a2f049,"제9차 남북철도.도로연결실무접촉 합의서(2004.2.26, 개성)",2004-02-26,https://dialogue.unikorea.go.kr/ukd/c/ca/usrtalkmanage/View.do?tab=5&agreement_type=01&id=115,kbn0301_1360A.hwp,False,
agreement:9868c6da109cf65328256a28c8e1ccec2dae13e4f6a0ea15909b923cf8efceaf,남북경제협력추진위원회 제7차 회의 합의문(2003.11.8),2003-11-08,https://dialogue.unikorea.go.kr/ukd/c/ca/usrtalkmanage/View.do?tab=5&agreement_type=01&id=80,H-093.hwp,False,
agreement:c4a92d1934f241a1057afc67e57b3a77f5b1374491ac5c96a93cce0559d8604c,"제5차 남북적십자회담 합의서(금강산 면회소 건설에 관한 합의서, 2003.11.6)",2003-11-06,https://dialogue.unikorea.go.kr/ukd/c/ca/usrtalkmanage/View.do?tab=5&agreement_type=01&id=2,H-034.hwp,False,
agreement:27358de98019b885699c99f271b70a75b2532b81f1993c2a26cbc6160e9b30c5,제7차 남북철도·도로연결 실무접촉 합의서(2003. 10.28),2003-10-28,https://dialogue.unikorea.go.kr/ukd/c/ca/usrtalkmanage/View.do?tab=5&agreement_type=01&id=1,H-092.hwp,False,
agreement:fc3a46de5a904bd22b4094380c45c6c52288ec4e7a45f040e92fada92d99966c,제6차 남북철도.도로연결 실무접촉 합의서(2003.8.22),2003-08-22,https://dialogue.unikorea.go.kr/ukd/c/ca/usrtalkmanage/View.do?tab=5&agreement_type=01&id=86,H-087.hwp,False,
agreement:21a32a3a558b0eb11d4909017df3c01fcbdc5fbb6253a4828c5ccba3b8d34f51,남북경제협력제도 실무협의회 제2차 회의 합의서(2003.7.31),2003-07-31,https://dialogue.unikorea.go.kr/ukd/c/ca/usrtalkmanage/View.do?tab=5&agreement_type=01&id=92,H-085.hwp,False,
agreement:311d14062f89609df4dc2b624ae8fded0a88c8e470eaa6030522eafcbadd2d47,남북 사이에 거래되는 물품의 원산지 확인 절차에 관한 합의서(2003.7.31),2003-07-31,https://dialogue.unikorea.go.kr/ukd/c/ca/usrtalkmanage/View.do?tab=5&agreement_type=01&id=93,H-086.hwp,False,
agreement:3870478971e2ef0f0941eba4841895613868d8b4dbaf6bdbccb88d2bcdf53cac,제5차 남북철도.도로연결 실무접촉 합의서(2003.6.9),2003-06-09,https://dialogue.unikorea.go.kr/ukd/c/ca/usrtalkmanage/View.do?tab=5&agreement_type=01&id=85,H-083.hwp,False,
agreement:ef7ac3919db5b4492dd8a1fea566424407aca227bd48c5e89e46056d751753c7,남북경제협력추진위원회 제5차 회의 합의문(2003.5.23),2003-05-23,https://dialogue.unikorea.go.kr/ukd/c/ca/usrtalkmanage/View.do?tab=5&agreement_type=01&id=78,5차경추위(0523).hwp,False,
agreement:ce01d64e6ff429f0634f9ceb2ea94be162a2acb7c329b22e4702701c654abe40,남북간 식량차관 제공에 관한 합의서(2003.5.23),2003-05-23,https://dialogue.unikorea.go.kr/ukd/c/ca/usrtalkmanage/View.do?tab=5&agreement_type=01&id=211,030523 남북간 식량차관 제공에 관한 합의서.hwp,False,
agreement:541f260c4af93c1198c1e2e069d78e2de53405bc87e2f65e1e6581797fbeacf7,제4차 남북철도.도로연결 실무접촉 합의서(2003.3.12),2003-03-12,https://dialogue.unikorea.go.kr/ukd/c/ca/usrtalkmanage/View.do?tab=5&agreement_type=01&id=84,남북철도.도로연결 제4차 실무접촉 합의서.hwp,False,
agreement:c7fe725573b1deda0739b713e4136cd1efe87ea9653ccf8886b2143252ab8c91,남북철도.도로연결 실무협의회 제2차 회의 합의서(2003.1.25),2003-01-25,https://dialogue.unikorea.go.kr/ukd/c/ca/usrtalkmanage/View.do?tab=5&agreement_type=01&id=83,h-080.hwp,False,
agreement:788697c98cfbf12d3ca229b7de34090ba4d862e53b3087ac56f4b5531ff0ed8e,제3차 남북적십자실무접촉 합의서(2003.1.22),2003-01-22,https://dialogue.unikorea.go.kr/ukd/c/ca/usrtalkmanage/View.do?tab=5&agreement_type=01&id=105,H-033.hwp,False,
agreement:6ce020a22b03b8d70ed19dbadc7a20d1829b76662e177a582e313ac75b53c734,남북사이 차량의 도로운행에 관한 기본합의서(2002.12.6),2002-12-06,https://dialogue.unikorea.go.kr/ukd/c/ca/usrtalkmanage/View.do?tab=5&agreement_type=01&id=116,차량합의서(021206).hwp,False,
agreement:d435f8b97fbb0890d5bdb9c765fcb17e5880b6bc1501b0ec94c6fe35e0cebccb,제2차 남북철도.도로연결 실무접촉 관련 합의서(2002.11.20),2002-11-20,https://dialogue.unikorea.go.kr/ukd/c/ca/usrtalkmanage/View.do?tab=5&agreement_type=01&id=81,H-74.hwp,False,
agreement:01dd547b35d8bcc03b9240659c1fbf025dcaaca7ada9a9988cfffe32204078de,남북경제협력추진위원회 제3차 회의 합의문(2002.11.9),2002-11-09,https://dialogue.unikorea.go.kr/ukd/c/ca/usrtalkmanage/View.do?tab=5&agreement_type=01&id=76,H-72.hwp,False,
agreement:70985f575a79b257234873681169948987cea8b9e78c5879832688fd3644059e,남북철도.도로연결 실무협의회 제1차 회의 합의서(2002.9.17),2002-09-17,https://dialogue.unikorea.go.kr/ukd/c/ca/usrtalkmanage/View.do?tab=5&agreement_type=01&id=4,H-068.hwp,False,
agreement:e8b9d0b7e75addaeda1a0b600714c4bfc1ff5ae9e4fb8b23aae7960852a93e74,남북 철도 및 도로 연결공사 자재·장비 제공에 관한 합의서(2002.9.17),2002-09-17,https://dialogue.unikorea.go.kr/ukd/c/ca/usrtalkmanage/View.do?tab=5&agreement_type=01&id=164,남북철도 및 도로 연결공사 자재·장비제공에 관한 합의서.hwp,False,
agreement:d0b4d4f585c0745977eabae39c67d53a669b9080c3b833f384318da94bf1da68,제4차 남북적십자회담 합의서(2002.9.8),2002-09-08,https://dialogue.unikorea.go.kr/ukd/c/ca/usrtalkmanage/View.do?tab=5&agreement_type=01&id=103,H-031.hwp,False,
agreement:c7e7a44969c39ed382cbd6e6d37dad5111e79f1b4da3c4aa57761c5556f26e3d,제14회 부산아시아경기대회 북한선수단참가를 위한 남북실무접촉 합의서(2002.8.28),2002-08-28,https://dialogue.unikorea.go.kr/ukd/c/ca/usrtalkmanage/View.do?tab=5&agreement_type=01&id=52,H-039.hwp,False,
agreement:7e945751266a36c0d34b3f473d88ffb3602f171a04cfc4e51598f8f837e87a11,남북경제협력추진위원회 제1차 회의 합의문(2001.1.30),2001-01-30,https://dialogue.unikorea.go.kr/ukd/c/ca/usrtalkmanage/View.do?tab=5&agreement_type=01&id=73,H-063.hwp,False,
agreement:408899837973594bbebd7e2ee7855b04f76f2b75d14ee0572c38a08739fb8547,남북경제협력추진위원회 구성.운영에 관한 합의서(2001.1.30),2001-01-30,https://dialogue.unikorea.go.kr/ukd/c/ca/usrtalkmanage/View.do?tab=5&agreement_type=01&id=74,h-064.hwp,False,
agreement:289e58b3e462ee6c4259a4333ecc2ea172e593df941c7c0688d1c9eeceb1e55a,남북 사이의 상사분쟁해결절차에 관한 합의서(2000.12.16),2000-12-16,https://dialogue.unikorea.go.kr/ukd/c/ca/usrtalkmanage/View.do?tab=5&agreement_type=01&id=90,H-062.hwp,False,
agreement:dcb926a4d9387ef7565145a0f106d348c34c3880e6c12054a52e87d8023f2d10,남북 사이의 소득에 대한 이중과세방지 합의서(2000.12.16),2000-12-16,https://dialogue.unikorea.go.kr/ukd/c/ca/usrtalkmanage/View.do?tab=5&agreement_type=01&id=89,H-060.hwp,False,
agreement:c1baeb22f030f608de89b4fc526279ded23cccb75c6eb94ba2f7aeaa1c7a914f,남북 사이의 투자보장에 관한 합의서(2000.12.16),2000-12-16,https://dialogue.unikorea.go.kr/ukd/c/ca/usrtalkmanage/View.do?tab=5&agreement_type=01&id=88,H-059.hwp,False,
agreement:4bc582120c6b5dba01750f86ceedcd202088f9aa8fbaee1f28a7a3678cd36d13,남북 사이의 청산결제에 관한 합의서(2000.12.16),2000-12-16,https://dialogue.unikorea.go.kr/ukd/c/ca/usrtalkmanage/View.do?tab=5&agreement_type=01&id=91,H-061.hwp,False,
agreement:cc5e5dc76eb2b29b6c486a8ce2e995f74331b073e9f38979497ca1cd7513af37,남북간 식량차관 인도·인수절차 일부수정 합의서(2000.11.11),2000-11-11,https://dialogue.unikorea.go.kr/ukd/c/ca/usrtalkmanage/View.do?tab=5&agreement_type=01&id=209,001111 남북간 식량차관 인도 인수절차 일부수정 합의서.hwp,False,
agreement:e63cb8548d1fd3473f412e2cf5b780afe9bf2f6e279a7140c52311bf13d81a83,제2차 남북적십자회담 합의서(2000.9.23),2000-09-23,https://dialogue.unikorea.go.kr/ukd/c/ca/usrtalkmanage/View.do?tab=5&agreement_type=01&id=101,H-029.hwp,False,
agreement:160a9330453597e2a3809fea6b2d2234825f267af1146a6ed392a2358c275927,"제1차 남북적십자회담 합의서(남북이산가족방문단 교환과 면회소 설치.운영 및 비전향장기수 송환에 관한 합의서, 2000.6.30)",2000-06-30,https://dialogue.unikorea.go.kr/ukd/c/ca/usrtalkmanage/View.do?tab=5&agreement_type=01&id=100,H-028.hwp,False,
agreement:c13a4d100006ba25292b9a3c082d5b7f5bef27b39dd81cbb998f382ef34171d9,6.15 남북공동선언(2000.6.15),2000-06-15,https://dialogue.unikorea.go.kr/ukd/c/ca/usrtalkmanage/View.do?tab=5&agreement_type=01&id=18,H-05.hwp,False,
agreement:dbb8fb5e3c02e9601f4dc57ab6618bbcdc366dc56ec5839af124ca5597d77477,남북 사이의 화해와 불가침 및 교류.협력에 관한 합의서의 제3장 남북교류.협력의 이행과 준수를 위한 부속 합의서(1992.9.17),1992-09-17,https://dialogue.unikorea.go.kr/ukd/c/ca/usrtalkmanage/View.do?tab=5&agreement_type=01&id=46,H-012.hwp,False,
agreement:d9262810aa48246620ec5ae52471cdb849b7ef483ff38660def59e912dce8005,남북사이의 화해와 불가침 및 교류.협력에 관한 합의서의 제1장 남북화해의 이행과 준수를 위한 부속합의서(1992.9.17),1992-09-17,https://dialogue.unikorea.go.kr/ukd/c/ca/usrtalkmanage/View.do?tab=5&agreement_type=01&id=43,H-010.hwp,False,
agreement:6fc3baad9ad343d5ca54179a1029ea480317f22e97343887a19bbbb21f551d9a,남북화해공동위원회 구성.운영에 관한 합의서(1992.9.17),1992-09-17,https://dialogue.unikorea.go.kr/ukd/c/ca/usrtalkmanage/View.do?tab=5&agreement_type=01&id=44,H-013.hwp,False,
agreement:3ee6bf9688fe9f9d8d1b93ea677bfa93a33ac6588ee6b40eab9945e252bbf1f5,남북 사이의 화해와 불가침 및 교류.협력에 관한 합의서의 제2장 남북 불가침의 이행과 준수를 위한 부속 합의서(1992.9.17),1992-09-17,https://dialogue.unikorea.go.kr/ukd/c/ca/usrtalkmanage/View.do?tab=5&agreement_type=01&id=45,H-011.hwp,False,
agreement:43d77373fd114d32806f5dfecb6035fbe8605a5679318555e99a824c6733f431,남북고위급회담 분과위원회 구성.운영에 관한 합의서(1992.2.19),1992-02-19,https://dialogue.unikorea.go.kr/ukd/c/ca/usrtalkmanage/View.do?tab=5&agreement_type=01&id=36,H-09.hwp,False,
