년대,날짜,내용
1950년대,1954-02-08,실향사민 북한송환 희망자 등록
1950년대,1954-02-27,북한실향사민 24명 판문점 통해 북으로 송환
1950년대,1955-03-21,"한적, 국제적십자위원회의 이산가족문제 해결 위한 중재 제의 수락"
1950년대,1956-05-09,"한적, 국제적십자위원회에 이산가족의 생사여부와, 행방, 서신교환 및 원주소 귀환알선 요청"
1950년대,1956-06-15,"한적, 실향사민(납북인사) 신고접수(~8. 15, 7,034명)"
1950년대,1956-08-15,"한적, 납북인사 신고접수결과(7,034명), 북측 통보"
1950년대,1956-08-15,"북적, 월남인사(14,032명) 생사확인 한적에 요청"
1950년대,1956-09-08,"한적, 적십자사연맹에 납북인사(17,500명), 미귀환 포로(2,200명)에 대한 행방조사 및 귀환알선 요청"
1950년대,1956-10-28,"북적, 한적에 이산가족 상봉 주선 요청"
1950년대,1957-01-31,"북적, 국제적십자위원회를 통하여 정기적 문안편지 교환 제의"
1950년대,1957-03-19,"한적, 북적의 제의에 대하여 납북인사의 안위 및 행방조사 등 단계적 해결을 제의"
1950년대,1957-05-25,"북적, 한적에 남북이산가족 서신 연락에 관한 서신 발송"
1950년대,1957-11-07,"한적, 월남인사 14,032명중 14,012명의 명단 통보"
1950년대,1957-11-07,"북적, 납북인사 7,034명중 337명의 생존자 명단 통보"
1950년대,1957-12-03,"북적, 국제적십자위원회를 통해 월남인사 14,132명의 행방조사 요청"
1950년대,1958-02-06,"북한, KNA기 납치"
1950년대,1958-02-18,"한적, ICRC에 KNA기 피랍 승객 송환협조 전문 발송"
1950년대,1958-03-01,"평양방송, KNA기 피랍 승객을 한적에 인계하겠다고 통보"
1950년대,1958-03-06,"한적, 판문점에서 KNA기 승객 34명 중 26명 인수"
1960년대,1969-12-11,KAL기 납북
1960년대,1969-12-11,"한적 총재, ICRC에 피납 승객·승무원 송환협조 요청"
1960년대,1969-12-12,"국제적십자위원회, 북적에 KAL기 송환 촉구"
1970년대,1970-01-14,"한적, 108개국 적십자사에 납북 KAL기 탑승자 송환을 위한 협조 요청 공한 발송"
1970년대,1970-01-25,"한적, KAL기 납북자 석방운동을 위해 가족대표 등과 구미 순방. 북적, ICRC에 KAL기 승객 안부 타전. 한적, 민간사절단 피랍승객 송환교섭위해 제네바로 출국."
1970년대,1970-01-27,"ICRC, 납북 KAL기 송환에 최선 다하겠다고 민간사절에 다짐"
1970년대,1970-01-28,"ICRC, 북적에 피납 승객·승무원 송환 요청"
1970년대,1970-02-14,KAL기 승객 52명중 39명 판문점을 통해 귀환. 한적 민간사절단 귀국.
1970년대,1970-02-16,"한적, ICRC와 108개국 적십자사에 KAL기 미송환자 귀환을 위한 협조요청 전문 발송"
1970년대,1970-03-17,"한적총재, 미송환 11명 승객·승무원 가족진정서 ICRC에 발송"
1970년대,1970-07-29,"한적, 문화방송(MBC)이 벌인 납북 KAL기 탑승자 송환 촉구 서명장부를 ICRC에 제출"
1970년대,1971-08-12,"한적, 남·북간의 이산가족찾기 운동을 위한 남북적십자회담 개최제의"
1970년대,1971-08-14,"북적, 남북적십자회담 개최 제의 수락 성명 발표"
1970년대,1971-08-15,"박정희 대통령, 8·15 제26주년 경축사에서 남북적십자회담 지원 다짐"
1970년대,1971-08-20,제1차 남북적십자 파견원 접촉
1970년대,1971-08-21,"한적, 제1차 남북적십자 예비회담 9.28 개최 제의"
1970년대,1971-08-26,제2차 남북적십자 파견원 접촉
1970년대,1971-08-27,"북적, 제1차 남북적십자 예비회담 개최수락 및 날짜 수정 제의"
1970년대,1971-08-30,제3차 남북적십자 파견원 접촉
1970년대,1971-09-03,제4차 남북적십자 파견원 접촉
1970년대,1971-09-15,"한적, 남북적십자 예비회담대표 발표"
1970년대,1971-09-15,"북적 위원장, 남북적십자 예비회담대표 명단발표"
1970년대,1971-09-16,제5차 남북적십자 파견원 접촉
1970년대,1971-09-20,제1차 남북적십자 예비회담(판문점 중립국감독위원회회의실)
1970년대,1971-09-22,「자유의 집」과「판문점」에 상설 회담연락사무소 각각 설치하고 직통전화 개통
1970년대,1971-09-29,제2차 남북적십자 예비회담(판문점 중립국감독위원회회의실)
1970년대,1971-10-06,제3차 남북적십자 예비회담(판문점 중립국감독위원회회의실)
1970년대,1971-10-13,제4차 남북적십자 예비회담(판문점 중립국감독위원회회의실)
1970년대,1971-10-20,제5차 남북적십자 예비회담(판문점 중립국감독위원회회의실)
1970년대,1971-10-27,제6차 남북적십자 예비회담(판문점 중립국감독위원회회의실)
1970년대,1971-11-03,제7차 남북적십자 예비회담(판문점 중립국감독위원회회의실)
1970년대,1971-11-11,제8차 남북적십자 예비회담(판문점 중립국감독위원회회의실)
1970년대,1971-11-19,제9차 남북적십자 예비회담(판문점 중립국감독위원회회의실)
1970년대,1971-11-24,제10차 남북적십자 예비회담(판문점 중립국감독위원회회의실)
1970년대,1971-12-03,제11차 남북적십자 예비회담(판문점 중립국감독위원회회의실)
1970년대,1971-12-10,제12차 남북적십자 예비회담(판문점 중립국감독위원회회의실)
1970년대,1971-12-17,제13차 남북적십자 예비회담(판문점 중립국감독위원회회의실)
1970년대,1972-01-10,제14차 남북적십자 예비회담
1970년대,1972-01-11,"박대통령, 연두기자회견에서 남북적십자회담 계속적 지원 다짐"
1970년대,1972-01-19,제15차 남북적십자 예비회담
1970년대,1972-01-28,제16차 남북적십자 예비회담
1970년대,1972-02-03,제17차 남북적십자 예비회담
1970년대,1972-02-04,"서해 대청도 부근, 북한의 포격으로 어선 1척 침몰, 5척 납북(안영35호·36호 서해상에서 어로작업중 납북)"
1970년대,1972-02-10,제18차 남북적십자 예비회담
1970년대,1972-02-17,제19차 남북적십자 예비회담
1970년대,1972-02-21,남북적십자 본회담 의제 문안정리를 위한 제1차 실무회의
1970년대,1972-02-24,남북적십자 본회담 의제 문안정리를 위한 제2차 실무회의
1970년대,1972-02-28,남북적십자 본회담 의제 문안정리를 위한 제3차 실무회의
1970년대,1972-03-06,남북적십자 본회담 의제 문안정리를 위한 제4차 실무회의
1970년대,1972-03-10,남북적십자 본회담 의제 문안정리를 위한 제5차 실무회의
1970년대,1972-03-17,남북적십자 본회담 의제 문안정리를 위한 제6차 실무회의
1970년대,1972-03-24,남북적십자 본회담 의제 문안정리를 위한 제7차 실무회의
1970년대,1972-03-30,"박대통령, 육사 졸업식 유시에서 납북자 송환 및 회담에서의 한적 제의 수락 촉구"
1970년대,1972-04-17,남북적십자 본회담 의제 문안정리를 위한 제8차 실무회의
1970년대,1972-05-09,남북적십자 본회담 의제 문안정리를 위한 제9차 실무회의
1970년대,1972-05-12,남북적십자 본회담 의제 문안정리를 위한 제10차 실무회의
1970년대,1972-05-19,남북적십자 본회담 의제 문안정리를 위한 제11차 실무회의
1970년대,1972-05-22,남북적십자 본회담 의제 문안정리를 위한 제12차 실무회의
1970년대,1972-06-05,남북적십자 본회담 의제 문안정리를 위한 제13차 실무회의
1970년대,1972-06-16,제20차 남북적십자 예비회담 - 본회담 의제 5개항 합의
1970년대,1972-07-04,"남북공동성명 발표 - 남북적십자회담이 하루빨리 성사되도록 적극 협조하는데 합의, 서울·평양 동시 발표"
1970년대,1972-07-10,제21차 남북적십자 예비회담 - 본회담 쌍방의 대표단을 각각 7명의 대표로 하는데 합의 - 본회담 기타 진행절차 협의를 위한 실무회담 개최 합의
1970년대,1972-07-14,제22차 남북적십자 예비회담
1970년대,1972-07-19,제23차 남북적십자 예비회담
1970년대,1972-07-26,제24차 남북적십자 예비회담
1970년대,1972-07-27,남북적십자 본회담 기타 진행절차 문안정리를 위한 제1차 실무회의
1970년대,1972-08-03,남북적십자 본회담 기타 진행절차 문안정리를 위한 제2차 실무회의
1970년대,1972-08-09,남북적십자 본회담 기타 진행절차 문안정리를 위한 제3차 실무회의
1970년대,1972-08-11,제25차 남북적십자 예비회담 - 본회담 기타 진행절차와 일시에 관해 합의
1970년대,1972-08-13,"북적, 남북적십자 본회담 대표단 명단 발표"
1970년대,1972-08-17,"한적, 남북적십자 본회담 대표단 명단 발표"
1970년대,1972-08-18,남북적십자 본회담 직통전화(서울~평양간) 20회선 가설
1970년대,1972-08-22,"남북조절위원회 남측 공동위원장, 남북적십자회담 관련 북적 대표단과 취재기자 신변안전보장 성명"
1970년대,1972-08-23,"북한 사회안전성, 한적 대표단 일행의 신변보장 성명 발표"
1970년대,1972-08-26,남북적십자사 중앙기관 간 직통전화 개통
1970년대,1972-08-29,제1차 남북적십자 본회담(평양) - 의제 5개항의 확인 · 채택
1970년대,1972-09-12,제2차 남북적십자 본회담(서울)
1970년대,1972-10-23,제3차 남북적십자 본회담(평양)
1970년대,1972-11-22,제4차 남북적십자 본회담(서울) - 남북적십자 공동위원회와 남북적십자 판문점 공동사업소 설치 합의
1970년대,1973-03-20,제5차 남북적십자 본회담(평양)
1970년대,1973-05-08,제6차 남북적십자 본회담(서울)
1970년대,1973-07-10,제7차 남북적십자 본회담(평양)
1970년대,1973-11-15,"한적, 제8차 남북적십자 본회담 개최 위한 쌍방 연락책임자가 11.16 판문점에서 접촉할 것을 제의"
1970년대,1973-11-21,"한적, 쌍방 연락책임자 접촉에서 제8차 본회담 12월 19일 개최 제의"
1970년대,1973-11-28,제1차 남북적십자 대표회담(판문점)
1970년대,1973-12-13,"한적, 제8차 본회의 개최 수락촉구 대북서한 발송"
1970년대,1973-12-21,"북적, 이른바「분위기」내세워 제8차 본회담 평양개최주장 대남전통문 발송"
1970년대,1974-02-15,"서해 공해상 어로중이던 수원 32 격침, 33호 납북"
1970년대,1974-02-16,"한적, ICRC 총재앞 수원 32, 33호 관련 납북어부 생사여부, 생존자 및 선체, 사망자 유해 송환 협조 요청 전문"
1970년대,1974-02-20,"한적 총재 ICRC 총재앞 수원 32,33호 관련 납북어부 송환협조 요청 및 어부명단 통보 서한"
1970년대,1974-02-21,"한적, 북적의 2.21자 성명관련 ICRC 집행이사회 총재 앞 비인도적인 행위를 즉각 중단하도록 북한 당국에 촉구해 줄 것을 강력히 요청 전문"
1970년대,1974-02-22,"한적, 북적의 2.21자 성명 관련 납북어부 조속 송환 및 어선반환을 실현시킬것을 요구 성명"
1970년대,1974-02-25,"제2차 남북적십자 대표회담 - 남북적십자 실무회의 개최에 관한 합의서 채택 - 실무회의 날짜, 구성, 운영절차 합의"
1970년대,1974-02-27,"남북조절위원회 제4차 부위원장 회의(자유의 집) - 우리측, 수원32, 33호 피격사건에 항의 및 조속한 수습조치 촉구 - 북한측, 피격된 어선은 간첩선이라고 주장"
1970년대,1974-03-11,"제3차 남북적십자 대표회담 - 남북적십자 실무회의 개최에 관한 합의서 채택 - 실무회의 날짜, 구성, 운영절차 합의"
1970년대,1974-04-03,"제4차 남북적십자 대표회담 - 남북적십자 실무회의 개최에 관한 합의서 채택 - 실무회의 날짜, 구성, 운영절차 합의"
1970년대,1974-04-29,"제5차 남북적십자 대표회담 - 남북적십자 실무회의 개최에 관한 합의서 채택 - 실무회의 날짜, 구성, 운영절차 합의"
1970년대,1974-05-22,"제6차 남북적십자 대표회담 - 남북적십자 실무회의 개최에 관한 합의서 채택 - 실무회의 날짜, 구성, 운영절차 합의"
1970년대,1974-05-29,"제7차 남북적십자 대표회담 - 남북적십자 실무회의 개최에 관한 합의서 채택 - 실무회의 날짜, 구성, 운영절차 합의"
1970년대,1974-07-10,남북적십자 제1차 실무회의(판문점)
1970년대,1974-07-24,남북적십자 제2차 실무회의(판문점)
1970년대,1974-08-28,남북적십자 제3차 실무회의(판문점)
1970년대,1974-09-25,남북적십자 제4차 실무회의(판문점)
1970년대,1974-11-05,남북적십자 제5차 실무회의(판문점)
1970년대,1974-11-29,남북적십자 제6차 실무회의(판문점)
1970년대,1975-01-24,남북적십자 제7차 실무회의(판문점)
1970년대,1975-02-28,남북적십자 제8차 실무회의(판문점)
1970년대,1975-03-26,남북적십자 제9차 실무회의(판문점)
1970년대,1975-05-08,남북적십자 제10차 실무회의(판문점)
1970년대,1975-07-21,남북적십자 제11차 실무회의(판문점)
1970년대,1975-08-22,남북적십자 제12차 실무회의(판문점)
1970년대,1975-10-23,남북적십자 제13차 실무회의(판문점)
1970년대,1975-11-08,남북적십자 제14차 실무회의(판문점)
1970년대,1975-11-14,이산가족 성묘 실현을 위한 서울시민 궐기대회
1970년대,1976-02-12,남북적십자 제15차 실무회의(판문점)
1970년대,1976-03-31,"한적 대북전통문, 북적에 남북적십자회담 쌍방 수석대표 면담 제의"
1970년대,1976-04-10,남북적십자 제16차 실무회의(판문점)
1970년대,1976-06-09,남북적십자 제17차 실무회의(판문점)
1970년대,1976-08-20,남북적십자 제18차 실무회의(판문점)
1970년대,1976-10-19,남북적십자 제19차 실무회의(판문점)
1970년대,1976-12-10,남북적십자 제20차 실무회의(판문점)
1970년대,1977-02-11,남북적십자 제21차 실무회의(판문점)
1970년대,1977-04-28,남북적십자 제22차 실무회의(판문점)
1970년대,1977-07-15,남북적십자 제23차 실무회의(판문점)
1970년대,1977-08-12,"한적 8·12 제의 6주년 담화, 남북적십자 본회담의 조속한 정상화 촉구"
1970년대,1977-10-14,남북적십자 제24차 실무회의(판문점)
1970년대,1977-12-09,남북적십자 제25차 실무회의(판문점)
1970년대,1978-03-19,"북적, 제26차 실무회의 무기연기 통보"
1970년대,1978-03-20,남북적십자 제26차 실무회의 북적측 불참으로 유산
1970년대,1978-03-20,"한적 대변인, 제26차 실무회의 재개 촉구 성명"
1970년대,1978-08-12,"한적 총재 8·12 제의 7주년 담화, 판문점 · 서울 · 평양 또는 쌍방이 합의할 수 있는 장소에서 쌍방 적십자 총재회담개최 제의"
1970년대,1979-08-12,"한적 8·12 제의 8주년 담화, 남북적십자회담 재개 촉구"
1970년대,1979-08-15,"박대통령 광복절 제34주년 경축사, 남북적십자 회담 재개 촉구"
1970년대,1979-09-20,"한적 대표단 대변인 성명, 남북적십자 회담 재개 촉구"
1970년대,1979-12-21,"최규하 대통령 취임사, 북한측에 남북조절위원회 · 남북적십자회담 · 책임있는 당국 간 회담 · 당국회의에 호응해 올 것을 촉구"
1980년대,1980-01-22,"제6, 7해왕호(24명) 서해상에서 조업중 행방불명"
1980년대,1980-03-03,"한적, 북적에 「제6 · 7해왕호」선원들의 송환촉구 방송통지문 발표"
1980년대,1980-04-17,"한적, 북적 위원장에게 방송통지문 전달, 북측에 억류된 제6 · 7해왕호 선원 조속 송환 요구"
1980년대,1980-04-22,"북적, 한적 총재에 방송통지문 발표, 한적의 납북어부 송환요청에 협조할 용의 있음"
1980년대,1980-05-10,"한적, 납북어부명단 북적에 전달(판문점)"
1980년대,1980-08-12,"한적 「8·12남북적십자회담제의」 9주년 담화, 남북적십자회담 무조건 재개 촉구"
1980년대,1980-09-12,"한적, 본회담(8차 적십자 본회담) 재개 및 납북어부 송환촉구 서한 전달"
1980년대,1980-09-16,"한적, 국제적십자위원회 및 국제적십자사연맹 총재에게 서한발송, 납북어부의 송환을 위해 협력해 줄 것을 요청"
1980년대,1980-10-27,"남덕우 국무총리 한적 창립 75주년 기념 치사, 남북적십자회담 재개에 북적의 성의 있는 태도 촉구"
1980년대,1980-11-05,「제6 · 7해왕호」 선체 및 선원 23명 귀환
1980년대,1980-11-13,"한적, 해왕호선원 송환에 즈음한 담화문 발표, 제8차 남북적십자본회담 재개를 제의한 9.12자 한적 총재 서한에 긍정적 호응 있기를 촉구"
1980년대,1981-08-12,"한적, 남북적십자회담제의 10주년 성명 발표, 회담재개 촉구"
1980년대,1982-02-01,"국토통일원 장관, 20개 시범실천사업 제의 「이산가족간 우편교환, 상봉실현」사업 포함"
1980년대,1982-08-06,"한적, 납북 제5 마산호 선박 및 선원의 송환 촉구 대북전통문"
1980년대,1982-08-12,"한적 총재「8.12제의」11주년 성명, 남북적십자회담 재개 촉구"
1980년대,1982-08-12,이북5도민 중앙연합회 ‘이산가족의 날’ 제정
1980년대,1982-08-15,"전두환 대통령 광복절 37주년 경축사, 북한 및 공산권 동포자유왕래 천명"
1980년대,1983-02-09,"이산가족 대표 4,500여명 1천만이산가족재회추진위원회결성 발족"
1980년대,1983-06-30,KBS 이산가족찾기 생방송
1980년대,1983-07-06,"한적 총재 담화문, 조속한 남북적십자회담 재개 촉구"
1980년대,1983-07-24,"북적 중앙위원회 성명, 남북적십자회담 재개 제의 거부"
1980년대,1983-08-12,"한적, 남북적십자회담 호응 촉구"
1980년대,1983-08-15,"전두환 대통령 광복절 38주년 경축사, 이산가족문제 해결 촉구"
1980년대,1984-09-14,"북적, 남북적십자 실무접촉대표단 파견 통보 대남서한"
1980년대,1984-09-15,"한적, 남북적십자 실무접촉 대표단 명단 통보"
1980년대,1984-09-17,"북적 전통문, 남북적십자 실무접촉 대표단 명단 통보"
1980년대,1984-10-04,"한적 총재, 남북적십자회담 제의"
1980년대,1984-10-06,"한적 총재 대북서한, 남북이산가족찾기 문제 협의를 위한 예비접촉 제의"
1980년대,1984-10-29,"북적 위원장 대남서한, 한적 측 제의를 수락하고 11월 20일 판문점에서 남북적십자회담을 갖자고 제의"
1980년대,1984-11-14,"한적 대북전통문, 남북적십자회담 예비접촉 대표명단 통보"
1980년대,1984-11-16,"북적 대남전통문, 남북적십자회담 예비접촉 대표명단 통보"
1980년대,1984-11-20,제8차 남북적십자회담 개최를 위한 예비접촉 - 본회담 의제·운영절차 합의
1980년대,1984-11-22,"남북적십자 예비접촉 수석대표 대북전통문, 남북적십자 제8차 본회담 일정(1985.1.22~25) 제의"
1980년대,1984-12-14,"남북적십자 예비접촉 북측단장 대남전통문, 남북적십자 제8차 본회담 회의 일정에 동의"
1980년대,1985-01-09,"북적 위원장 대남전통문, 「팀스피리트」훈련을 구실로 제8차 남북적십자회담 연기"
1980년대,1985-01-10,"한적, 합의된 날짜(1.23)에 제8차 적십자 본회담 개최 촉구"
1980년대,1985-01-23,"한적 담화, 적십자본회담 조속 개최 촉구"
1980년대,1985-03-25,"한적, 남북적십자 본회담 개최일자 제의(5.15)"
1980년대,1985-04-04,"북적 , 제8차 적십자회담 개최일자를 5.28로 수정 제의 대남전통문"
1980년대,1985-05-20,제8차 남북적십자 본회담 관련 연락관 접촉
1980년대,1985-05-27,제8차 남북적십자회담(서울) - 의제 5개항 일괄 토의 - 1985.8.15를 기해 이산가족 고향방문 및 예술공연단 교환 실시 합의
1980년대,1985-07-15,고향방문 및 예술공연단 교환 관련 남북적십자 제1차 실무대표접촉(판문점) -「 남북이산가족 고향방문 및 예술공연단 교환방문에 관한 합의서」채택
1980년대,1985-07-19,고향방문 및 예술공연단 교환 관련 남북적십자 제2차 실무대표접촉(판문점) -「 남북이산가족 고향방문 및 예술공연단 교환방문에 관한 합의서」채택
1980년대,1985-08-22,고향방문 및 예술공연단 교환 관련 남북적십자 제3차 실무대표접촉(판문점) -「 남북이산가족 고향방문 및 예술공연단 교환방문에 관한 합의서」채택
1980년대,1985-08-26,제9차 남북적십자회담(평양)
1980년대,1985-09-12,"내무부장관, 북한측 남북이산가족 고향방문 및 예술공연단(151명)에 대해 신변안전보장 성명 발표"
1980년대,1985-09-13,"북한 사회안전부장, 우리측 남북이산가족 고향방문 및 예술공연단에 대해 신변안전보장 성명"
1980년대,1985-09-20,"남북한 고향방문 및 예술공연단 서울, 평양 교환방문 - 총 65가족 157명 상봉"
1980년대,1985-11-05,"북적, 적십자본회담 대표단의 왕래에 항공기 이용 제의 대남 전통문"
1980년대,1985-11-07,"한적, 대표단의 교통편의는 관례대로 제공 대북전통문"
1980년대,1985-12-05,제10차 남북적십자회담(서울)
1980년대,1986-01-22,"남북적십자회담 북측단장 대북전통문, 제11차 남북적십자회담 연기 통보"
1980년대,1986-01-23,"남북적십자회담 남측수석대표 대북전통문, 제11차 남북적십자 본회담 개최 촉구"
1980년대,1986-02-26,"한적 수석대표 논평, 제11차 남북적십자본회담 개최 촉구"
1980년대,1986-03-26,"한적 전통문, 제11차 적십자본회담 날짜(5.27) 제의"
1980년대,1986-04-01,"남북적십자회담 북측 대표단장 대남전통문, 회담날짜 거론은 현실외면이라고 주장"
1980년대,1986-07-02,"남북적십자회담 북측 대표단장 담화, 3자 군사회담 제안"
1980년대,1986-07-11,"남북적십자회담 남측 수석대표 대북전통문, 제11차 적십자회담개최일자(8.28) 제의"
1980년대,1986-07-15,"북적, 방송통지문, 한적의 11차 본회담 개최제의 거부"
1980년대,1986-08-12,"한적 총재 제5회 이산가족의 날 성명, 적십자회담 무조건 재개 촉구"
1980년대,1986-08-28,"남북적십자회담 남측 수석대표 성명, 남북적십자회담 무조건 개최 촉구"
1980년대,1987-01-14,"남측 남북회담 대표단 수석대표 합동성명, 조건 없는 기존 대화 호응 촉구"
1980년대,1987-01-15,"동진 27호, 백령도 해상에서 조업중 납북"
1980년대,1987-01-20,"한적, 제27동진호 조기송환 요청 대북전통문"
1980년대,1987-01-21,"북적 위원장, 제27동진호 조사후 송환예정 통지 대남전통문"
1980년대,1987-03-17,"노신영 국무총리 대북서한, 남북적십자회담 4월중 평양과 판문점에서 개최 및 회담 날짜는 북측에 일임"
1980년대,1987-04-10,"노신영 국무총리 대북서한, 제11차 남북적십자회담 평양 개최 제의"
1980년대,1987-04-27,"북측, 제27 동진호 선장 및 어로장의 간첩행위 자백주장 성명"
1980년대,1987-05-02,"한적, 제27 동진호 송환 재촉구 대북전통문"
1980년대,1987-05-04,"한적, ICRC 총재앞 제27 동진호 송환협조 요청 서한"
1980년대,1987-05-07,"북적 중앙위 대변인, 제27 동진호의 간첩행위 관련 담화"
1980년대,1987-09-30,"한적, 제27 동진호 추석이전 송환요구 대북 성명"
1980년대,1988-02-25,"노태우 대통령 제13대 대통령 취임사, 한반도 평화와 민족의 재결합을 위한 대화문호 개방"
1980년대,1988-04-04,"한적, 대북전통문, 중단된 적십자회담 재개 호응 촉구"
1980년대,1988-05-19,"한적, 북측통보에 대한 회담은 추후 통보"
1980년대,1988-05-24,"한적, 중단된 남북적십자회담 재개 촉구"
1980년대,1988-07-13,"한적, 대북전통문, 남북적십자 실무회의 개최 제의"
1980년대,1988-07-16,"북적 대남전통문, 남북적십자 실무회의 제의 거부"
1980년대,1988-07-19,"한적 대변인 논평, 남북적십자 실무회의 재개 촉구"
1980년대,1988-07-19,"최광수 외무부장관, 해외동포의 남북한 방문을 자유화하고 남북한 방문 해외 동포의 신변안전보장을 위한 남북한 관계당국회담 제의"
1980년대,1989-01-24,"한적 총재 대북서한, 남북적십자회담 재개 촉구 (이산가족찾기 의뢰인 명부 4,346명 동봉)"
1980년대,1989-01-31,"한적 총재, 태양37, 38호 및 제27동진호 선원 송환협조 대북전통문"
1980년대,1989-02-14,"한적 총재, 제27동진호 선원 송환 협조요청 대북전통문"
1980년대,1989-02-15,"북적 대남서한, 남북적십자회담 재개 거부"
1980년대,1989-02-25,"북적 대남서한, 남북적십자회담 재개 거부"
1980년대,1989-04-24,"한적 총재 대북전통문, 남북직통전화 정치적 이용 불용 통보"
1980년대,1989-05-31,"북적 대남서한, 제2차 예술 고향방문단 교환 위한 적십자실무대표 접촉제의"
1980년대,1989-06-12,"한적 대북서한, 제11차 남북적십자회담 개최 제의"
1980년대,1989-06-22,"북적 대남서한, 제11차 본회담 거부 및 적십자 실무대표 접촉 주장"
1980년대,1989-07-12,"한적 대북서한, 남북적십자 실무대표접촉 제의"
1980년대,1989-07-24,"북적 대남서한, 남북적십자 실무대표 파견 통보"
1980년대,1989-07-29,"한적 대북전통문, 남북적십자 실무대표접촉 연기 통보"
1980년대,1989-08-01,"북적 대변인 성명, 남북적십자 실무대표접촉 개최 촉구"
1980년대,1989-08-11,"한적 총재 담화문, 남북적십자회담 재개를 위한 분위기 구성 촉구"
1980년대,1989-08-26,"북적 대남서한, 적십자 실무대표접촉 개최 재촉구"
1980년대,1989-09-05,"한적 대북전통문, 남북적십자 실무대표접촉 대표단 파견 통보"
1980년대,1989-09-20,"북적 대남전통문, 남북적십자 실무대표접촉일자 동의 및 대표단명단 통보"
1980년대,1989-09-25,"한적 대북전통문, 남북적십자 실무대표접촉 대표단 명단 통보"
1980년대,1989-09-27,고향방문 및 예술공연단 교환관련 제1차 남북적십자 실무대표접촉 - 방문단 교환일자(1989.12.8) 및 본회담 개최일자989.12.15)합의 - 제2차 고향방문단 교환 합의
1980년대,1989-10-06,고향방문 및 예술공연단 교환관련 제2차 남북적십자 실무대표접촉 - 방문단 교환일자(1989.12.8) 및 본회담 개최일자989.12.15)합의 - 제2차 고향방문단 교환 합의
1980년대,1989-10-16,고향방문 및 예술공연단 교환관련 제3차 남북적십자 실무대표접촉 - 방문단 교환일자(1989.12.8) 및 본회담 개최일자989.12.15)합의 - 제2차 고향방문단 교환 합의
1980년대,1989-11-08,고향방문 및 예술공연단 교환관련 제4차 남북적십자 실무대표접촉 - 방문단 교환일자(1989.12.8) 및 본회담 개최일자989.12.15)합의 - 제2차 고향방문단 교환 합의
1980년대,1989-11-13,고향방문 및 예술공연단 교환관련 제5차 남북적십자 실무대표접촉 - 방문단 교환일자(1989.12.8) 및 본회담 개최일자989.12.15)합의 - 제2차 고향방문단 교환 합의
1980년대,1989-11-21,고향방문 및 예술공연단 교환관련 제6차 남북적십자 실무대표접촉 - 방문단 교환일자(1989.12.8) 및 본회담 개최일자989.12.15)합의 - 제2차 고향방문단 교환 합의
1980년대,1989-11-27,고향방문 및 예술공연단 교환관련 제7차 남북적십자 실무대표접촉 - 방문단 교환일자(1989.12.8) 및 본회담 개최일자989.12.15)합의 - 제2차 고향방문단 교환 합의
1980년대,1989-12-04,고향방문 및 예술공연단 교환 관련 실무대표접촉 수석 대표 개별접촉
1980년대,1989-12-07,"남북적십자 실무대표접촉 수석대표 대북전통문, 예술공연의 내용 변경 및 제11차 남북적십자회담 개최 촉구"
1980년대,1989-12-11,"남북적십자 실무대표접촉 북측 단장 대남전통문, 예술공연의 내용 변경 거부"
1980년대,1989-12-15,"남북적십자 실무대표접촉 수석대표 전통문, 예술공연의 내용 변경 재촉구"
1980년대,1989-12-21,"남북적십자 실무대표접촉 북측 수석대표 대남전통문, 예술공연의 내용 변경 재차 거부"
1980년대,1989-12-29,"남북적십자 실무대표접촉 남측 수석대표, 예술공연의 내용 변경시 제2차 방문단 교환사업의 실현을 위한 실무대표접촉 재개 표명 대북전통문"
1990년대,1990-01-18,"남북적십자 실무대표접촉 북측 대표단장 대남전통문, 실무대표접촉 재개 촉구"
1990년대,1990-02-08,"남북회담 북측 대표단장 연합성명, 팀스피리트 기간 중 남북대화 중단 선언"
1990년대,1990-03-23,"남북교류협력 추진협의회, 한필성씨 방북과 노모초청 승인"
1990년대,1990-03-28,"한적 대북서한, 한필성씨 노모 상봉 협조요청(한필성씨 편지 동봉)"
1990년대,1990-04-18,"북적 전통문, 한필성씨와 그의 가족 평양방문환영 및 편의제공"
1990년대,1990-04-18,"북적 대남서한, 한필화씨의 서한 4.19 판문점에서 전달"
1990년대,1990-04-20,"북적 전통문, 한필성씨 평양방문 시 환영 및 신변안전 보장"
1990년대,1990-04-30,"한적 전통문, 한필성씨 귀환 보장 촉구"
1990년대,1990-05-07,"한적 대북서한, 제11차 남북적십자회담 6월 중순 개최 제의"
1990년대,1990-05-09,"북적 전통문, 한필성씨 귀환 보장 거부"
1990년대,1990-05-17,"북적 대남전통문, 혁명가극「꽃파는 처녀」거부를 이유로 제11차 적십자 본회담 개최 거부"
1990년대,1990-05-17,"한적, 북적에 한필성씨 서한 전달 및 평양방문의 원만한 성사 희망"
1990년대,1990-07-07,조평통 성명관련(7.5) 북한측에 이산가족의 자유로운 고향방문과 가족 상봉문제 허용 촉구 일천만 이산가족 추진위원회 성명
1990년대,1990-07-20,"정부, 이산가족 상봉과 민족 자유왕래 실현을 위해「민족 대교류 기간」(8.13~17) 선포"
1990년대,1990-07-20,"북한 조평통, 「민족 대교류」 특별발표 관련 비난성명"
1990년대,1990-08-04,"이산가족 방북 신청 접수(총 61,355명 접수) - 방북 희망자 명단을 북측에 전달하려 했으나 접수 거부"
1990년대,1990-08-09,"한국방송공사사장 공개서한, 남북이산가족찾기「남북공동방송」제의"
1990년대,1990-09-13,"한적 대북전통문, 남북적십자 실무대표접촉 제의"
1990년대,1990-09-17,"북적 전통문, 9.13 한적 측 전통문에 추후 답변"
1990년대,1990-09-20,"한적 대북서한, 제8차 남북 실무대표접촉 제의"
1990년대,1990-10-16,"북적 대남전통문, 남북적십자 제8차 실무대표접촉 동의"
1990년대,1990-11-05,"한적 대북전통문, 제8차 실무대표접촉 11월 8일 개최 제의"
1990년대,1990-11-06,"북적 대남전통문, 제8차 실무대표접촉 11월 8일 개최 동의"
1990년대,1990-11-07,고향방문 및 예술공연단 교환관련 남북적십자 실무대표 접촉수석대표 개별접촉(판문점 중립국감독위원회회의실)
1990년대,1990-11-08,고향방문 및 예술공연단 교환관련 제8차 남북적십자 실무대표접촉(판문점 중립국감독위원회회의실)
1990년대,1990-12-06,"대법원, 북한주민의 대한민국국적취득허용법규 제정 「미수복 지구 거주자 및 공산국가 교포의 취직에 관한 예규」"
1990년대,1991-02-08,"국회 본회의, 「이산가족 문제의 조속한 해결」을 촉구하는 결의문 채택"
1990년대,1991-02-11,"한적 전통문, 납북어선 송환 협조 요청"
1990년대,1991-02-20,"북적 전통문, 피랍어선의 승선인원 인적사항 통보 요구"
1990년대,1991-02-22,"한적 전통문, 피랍어부의 인적사항 통보"
1990년대,1991-02-25,"북적 전통문, 피랍어선 및 어부 중국송환 통보"
1990년대,1991-04-02,"한적 전통문, 제11차 남북적십자회담 개최 제의"
1990년대,1991-05-10,"한적 전통문, 제11차 남북적십자회담 개최 촉구"
1990년대,1991-08-12,한적 남북적십자회담 제의 20주년에 즈음한 대북 성명
1990년대,1991-09-20,"한적 전통문, 제11차 남북적십자회담 개최 촉구"
1990년대,1991-12-10,"제5차 남북고위급회담(서울), 「남북사이의 화해와 불가침 및 교류 협력에 관한 합의서」 채택"
1990년대,1991-12-16,「남북사이의 화해와 불가침 및 교류 · 협력에 관한 합의서」 국무회의에서 의결
1990년대,1991-12-26,"북한 중앙인민위원회, 최고인민회의 상설회의 연합회의에서 「남북사이의 화해와 불가침 및 교류 · 협력에 관한 합의서」 승인"
1990년대,1992-05-05,제7차 남북고위급회담(서울) - 240명 규모 이산가족 노부모 방문단 및 예술단 교환 합의
1990년대,1992-05-28,"북적 대남전통문, 노부모방문단교환 관련 적십자 실무 대표접촉제의"
1990년대,1992-06-01,"북적 대변인 성명, 이인모 송환 촉구"
1990년대,1992-06-01,"한적 전통문, 실무대표접촉 일자 수정 제의"
1990년대,1992-06-01,"대한적십자사, 이산가족 노부모방문단 추가신청 접수"
1990년대,1992-06-05,이산가족 노부모방문단 및 예술단 교환관련 제1차 남북적십자 실무대표접촉(판문점)
1990년대,1992-06-12,이산가족 노부모방문단 및 예술단 교환관련 제2차 남북적십자 실무대표접촉(판문점) - 방문기간과 공연내용 합의
1990년대,1992-06-22,이산가족 노부모방문단 및 예술단 교환관련 제3차 남북적십자 실무대표접촉(판문점)
1990년대,1992-07-07,"정원식 국무총리, 북한 연형묵 총리 앞 대북서신, 「고령 이산가족 교환 정착사업」제의"
1990년대,1992-07-08,이산가족 노부모방문단 및 예술단 교환관련 제4차 남북적십자 실무대표접촉(판문점)
1990년대,1992-07-12,"남북고위급회담 북측 대표단 대변인 담화, 7.7 정원식 국무총리 서신을 통해 제의한「고령이산가족 교환 정착 사업」거부"
1990년대,1992-07-13,"남북고위급회담 대변인 7.12 북측 대변인 담화 관련 논평, 7.7 대북서신에는 이인모문제 해결방안도 포함되어 있으며 이에 대한 총리차원의 공식 입장표명 기대"
1990년대,1992-07-14,이산가족 노부모방문단 및 예술단 교환관련 제5차 남북적십자 실무대표접촉(판문점)
1990년대,1992-07-20,이산가족 노부모방문단 및 예술단 교환관련 제6차 남북적십자 실무대표접촉(판문점)
1990년대,1992-07-25,이산가족 노부모방문단 및 예술단 교환관련 제7차 남북적십자 실무대표접촉(판문점)
1990년대,1992-08-07,이산가족 노부모방문단 및 예술단 교환관련 제8차 남북적십자 실무대표 접촉 (판문점) ＊노부모방문단 교환사업 무산
1990년대,1992-08-08,"한적 총재 성명, 노부모방문단 교환사업 실현 촉구"
1990년대,1992-08-15,"노태우 대통령 제47회 광복절 경축사, 이산가족 노부모 방문단 교환사업 불이행에 대한 유감표명 및 고향방문 사업 정례화 촉구"
1990년대,1992-09-15,제8차 남북고위급회담 -「 남북사이의 화해와 불가침 및 교류 협력에 관한 합의서의 제3장 남북교류 협력의 이행과 준수를 위한 부속합의서」채택
1990년대,1992-10-01,이인모문제와 이산가족면회소 설치문제 협의 제1차 남북고위급 대표접촉(통일각)
1990년대,1992-10-05,이인모문제와 이산가족면회소 설치문제 협의 제2차 남북고위급 대표접촉(평화의 집)
1990년대,1992-10-29,"한적 대북전통문, 남북적십자회담 재개 제의"
1990년대,1992-11-03,"북적 대남전통문, 제11차 남북적십자회담 개최 거부"
1990년대,1993-02-17,"북적 대변인 성명, 이인모 송환 촉구"
1990년대,1993-03-11,"정부, 이산가족 문제 해결과 신뢰회복 등 남북관계 개선 분위기 조성을 위해 조건 없이 이인모 방북 허용 표명"
1990년대,1993-03-16,"남북연락관 접촉, 이인모 노인 송환절차 합의"
1990년대,1993-03-19,"이인모 노인, 판문점 중감위 회의실을 통해 방북"
1990년대,1993-03-26,"한완상 부총리, 이산가족 교류와 핵문제 비연계 입장 표명"
1990년대,1993-08-15,"김영삼 대통령, 제48주년 광복절 경축사에서「남북합의서 실천 이산가족의 아픔 해소에 호응」촉구"
1990년대,1993-09-22,"통일원장관 제12회 이산가족의 날 연설, 남북이산가족 제3국 상봉 추진 제의"
1990년대,1993-10-14,"북적 위원장대리, 비전향장기수 김인서 함세환 송환 요구"
1990년대,1993-11-24,"북적 대남전통문, 포로수용소 유품 관련 인수자 파견 통보"
1990년대,1993-12-03,"한적 총재 대북전통문, 인민군포로 유품 불관여 입장 통보"
1990년대,1993-12-07,"북적 대남전통문, 인민군포로 유품 거듭 요구"
1990년대,1994-04-22,"한적, 비전향 출소자 송환 요구 관련 대북전통문 - 남북이산가족의 고통을 덜어주는 실질적인 조치 촉구"
1990년대,1994-04-26,"북적, 대남전통문 - 비전향 출소자 김인서 · 함세환 송환 재촉구"
1990년대,1994-04-27,"북적, 대남전통문 - 빨치산 출신 출소자 김병주의 딸 김지현 북송 요구"
1990년대,1994-05-09,"한적 총재 세계적십자의 날 기념사, 「노부모 방문단 조기 실현 및 적십자 회담 재개」촉구"
1990년대,1994-05-19,"북적, 대남전통문 - 김인서 · 함세환 및 김지현 송환 재촉구"
1990년대,1994-05-21,"북한 조평통, 귀순 벌목공 송환 요구 대남전통문"
1990년대,1994-08-02,"김영삼 대통령, 납북 억류자 조속 송환 촉구"
1990년대,1994-08-09,"국회 외무통일위, 「납북자 송환·이산가족 재회 촉구」 대북결의문 채택"
1990년대,1994-08-12,"한적 총재 성명, 남북적십자 총재 접촉 제의"
1990년대,1994-08-15,"노동신문 논평, 한적의 회담 제의 거부"
1990년대,1994-08-15,"김영삼 대통령 제49주년 광복절 경축사, 「민족공동체통일방안」 천명"
1990년대,1994-10-25,"북적, 미전향장기수 3명 송환 요구 대남 편지 국제우편으로 발송"
1990년대,1995-05-30,"국방부, ‘제86 우성호’ 북한에 의해 나포 발표"
1990년대,1995-06-13,"한적 전통문, 우성호 송환 관련 남북적십자 연락관 접촉제의"
1990년대,1995-06-15,"강영훈 한적 총재, 대북 성명 발표 - 제86호 우성호 선원의 송환 촉구, 피납 선원들의 신상자료와 가족 호소문 공개"
1990년대,1995-07-09,"안승운 목사, 중국 연길에서 북 공작원에 의해 납북"
1990년대,1995-08-12,"한적 총재 대북성명, 남북적십자회담 조속 개최 촉구"
1990년대,1995-09-21,"통일원 대변인, 우성호 선원 즉각 송환 촉구"
1990년대,1995-09-25,"나웅배 부총리 겸 통일원장관, 대북지원과 납북자 문제 연계 표명"
1990년대,1995-09-28,"외무부장관 유엔총회 연설, 국제사회가 이산가족이 재결합할 때까지 서로 소식을 전할 수 있도록 도와야"
1990년대,1995-12-26,납북 ‘86우성호’(5. 30. 나포) 선원 판문점 통해 귀환
1990년대,1996-02-01,"권오기 부총리 겸 통일원장관, 이산가족상봉 최우선 추진 천명"
1990년대,1996-02-12,"강영훈, 한적 총재, ‘제707 대영호’선원 송환 요구 대북 방송통지문 발송"
1990년대,1996-02-29,"국방부, 북한 선원 2명 구조 및 시신 2구 인양(염분진호)발표"
1990년대,1996-03-01,"이성호 북한 적십자회 중앙위위원장 대리, 염분진호 선원 송환 요청 대남전통문"
1990년대,1996-03-05,"북한 화물선 염분진호 선원 2명, 시신 2구 판문점을 통해 송환"
1990년대,1996-07-27,"북적 위원장 대리 이성호, 북한군 김영길 송환요구 대남전통문"
1990년대,1996-07-29,한적 강영훈 총재 명의 「동진호 선원들의 송환요청」 전화통지문
1990년대,1996-07-30,"소설가 김영(38세, 필명 김하기), 중국 연길에서 실종"
1990년대,1996-08-01,"국방부, 북한군 시신 2구 송환계획 발표"
1990년대,1996-08-01,"한적 총재, 북한 선박·시신 송환관련 대북전통문"
1990년대,1996-08-05,"북한 ‘중통’, 중국에서 실종된 소설가 김영 ‘조사중’ 보도"
1990년대,1996-08-05,"강영훈 한적 총재, 김영 송환 요청 대북전통문"
1990년대,1996-08-06,"북한 민간인 시신송환 관련, 남북적십자 연락관 접촉"
1990년대,1996-08-07,"북한 군인, 민간인 시신 4구 판문점을 통해 송환"
1990년대,1996-08-10,"북한 적십자회 위원장 대리 이성호, 남측 민간인 시신(강대희) 1구 보관 관련 대남방송 통지문"
1990년대,1996-08-12,"강영훈 한적총재, 북한 보관 남한 시신 인수관련 대북전통문"
1990년대,1996-08-12,"한적 강영훈 총재, 남북적십자회담 재개 대북제의"
1990년대,1996-08-13,"이성호 북적 위원장 대리, 김영(필명 김하기) 송환통보 대남전통문"
1990년대,1996-08-14,"북한, 김영 중국측에 인도"
1990년대,1996-08-30,"북적 위원장대리, 김인서 송환요구 대남전통문"
1990년대,1996-09-02,"강영훈 한적총재, 북한의 김인서 송환 요구에 대한 대북 전화 통지문"
1990년대,1996-09-16,"이성호 북적 위원장 대리, 김인서 송환 재요청 대남전통문"
1990년대,1996-09-17,"한적 강영훈 총재, 북측의 출소 공산주의자 송환 요구에 대해「상호주의 원칙에 따라 남북간 인도주의 문제 협의를 위한 적십자회담 개최」제의"
1990년대,1996-09-25,"북한 적십자 대변인, 안승운 목사 납북문제 관련 성명 - 안승운 목사는 그 누구의 강요와 납치에 의해서가 아니라 스스로의 의사에 의해 넘어온 사람임."
1990년대,1997-04-24,"강영훈 한적총재, 남북 적십자요원 판문점 접촉 제의 대북전통문 발송"
1990년대,1997-04-28,"이성호 북적 위원장대리, 적십자접촉 관련 대남전통문 발송,"
1990년대,1997-04-30,"강영훈 한적총재, 남북적십자 대표접촉 북경개최 수용 대북전통문 발송"
1990년대,1997-05-02,"이성호 북적 위원장대리, 남북적십자 실무접촉 대표단 명단 대남전통문 발송"
1990년대,1997-08-12,"정원식 한적총재, 이산가족면회소 설치 추진 언급 (남북적십자회담 26주년 기자간담회) 판문점 등 남북한이 합의하는 장소이면 어디든지 무방"
1990년대,1997-10-27,"한적 정원식 총재, 「판문점을 비롯한 한반도내에 이산가족 면회소를 설치하기 위한 쌍방 대표 판문점 접촉」 제의"
1990년대,1997-11-07,"이성호 북적 위원장대리, 제4차 남북적십자 대표접촉 제의 대남전통문 발송"
1990년대,1997-11-08,"정원식 한적총재, 남북 이산가족면회소 설치 제의 대북 전통문 발송"
1990년대,1997-12-08,"정원식 한적총재, 제4차 북경 남북적십자 대표접촉 12. 22 개최제의 대북통지문 전달"
1990년대,1997-12-11,"이성호 북적 위원장대리, 제4차 북경 남북적십자 대표접촉 12. 22 동의 대남전통문 발송"
1990년대,1998-01-07,"북적 위원장대리, 비전향장기수 송환 요구 대남전통문"
1990년대,1998-02-25,"김대중 대통령 취임사, 이산가족의 생사확인 및 서신교환 촉구"
1990년대,1998-03-01,"김대중 대통령 3·1절 기념사, 「남북특사교환, 이산가족 생사확인, 상봉실현」촉구"
1990년대,1998-04-04,"북적 위원장 대리, 비료지원 요청 관련 남북 당국대표회담 제의 대남서한"
1990년대,1998-04-06,"한적 총재, 북한의 남북당국대표회담 개최 제의 수락 및 수정 제의"
1990년대,1998-04-07,"북적 위원장 대리, 남북당국대표회담 개최 장소 북경 고집 대남서한"
1990년대,1998-04-08,"한적 총재, 남북당국대표회담 북경 개최 동의 및 대표단 명단통보 대북서한"
1990년대,1998-04-10,"북적위원장대리, 남북 당국대표회담 대표단 명단 통보 대남서한"
1990년대,1998-04-11,"남북당국대표회담 - 이산가족 문제의 우선적 해결을 위해 이산가족 면회소, 우편물 교환소 설치, 고령이산가족의 개별방문, 상봉 및 시범적 사업으로 고향방문단 교환 제의 - 북측에 대한 비료 지원과 이산가족 면회소 설치 문제의 일괄 타결 제의＊북측의 일방적 불참 선언으로 회담 결렬"
1990년대,1998-06-16,정주영 현대 명예회장 판문점 경유 방북 - 한우 500두 대북지원(판문점 경유)
1990년대,1998-08-12,"한적 정원식 총재, 이산가족 문제의 조속한 해결을 촉구하는 대북성명 발표"
1990년대,1998-09-01,고령 이산가족 방북절차를 신고제로 전환
1990년대,1998-09-25,이산가족정보통합센타 개소(이북5도위)
1990년대,1998-09-30,국군포로 장무환씨 귀환
1990년대,1998-10-27,정주영 현대 명예회장 판문점 경유 방북 - 기탁 2차분 한우 501두 대북지원(판문점 경유)
1990년대,1998-11-17,금강산 관광지원을 위한 통신망 개통(6회선)
1990년대,1998-11-25,"한적 정원식 총재, 대북 전화통지문 발송 - 남북적십자 사무총장 접촉 제의"
1990년대,1998-11-27,"이성호 북한적십자회 위원장 대리, 대남 전화통지문 발송 - 11.25 우리측 제의에 대한 회신(거부)"
1990년대,1998-12-01,"제198회 국회 통일외교통상위원회, 남북이산가족의 생사확인 및 상봉촉구 대북결의안 채택"
1990년대,1998-12-14,"박준규 국회의장, 대북 서한 발송 - 남북이산가족 생사확인 및 상봉 촉구 국회결의문 전달"
1990년대,1999-02-23,"북적, 대남서한 발송, 비전향장기수 석방 및 북송 요구"
1990년대,1999-03-25,"외교통상부장관, 제56차 유엔인권위원회에서 북한내 인권문제 제기 - 이산가족문제, 국군포로 및 납북자문제 해결 촉구"
1990년대,1999-05-31,"통일부, 이산가족의 북한주민접촉 신청 절차 간소화 발표"
1990년대,1999-06-26,"김대중 대통령, 이산가족과 비료지원 연계 추진 입장 표명 - 이산가족 면회사업 추진이 안되면 비료 10만톤 지원할 수 없다고 언급(미국 외교 협회 인사 접견시)"
1990년대,1999-08-12,"한적 총재 남북적십자회담 제의 28주년 성명, 이산가족문제를 협의키로 한 ‘6·3합의’의 성실한 이행을 촉구"
1990년대,1999-08-31,"북적, 대남서한, 김인서(출소남파간첩 등 공안사범) 송환 요구"
1990년대,1999-11-02,"북적, 비전향장기수 송환을 촉구하는 편지를 정원식 한적 총재 앞으로 전달"
1990년대,1999-11-24,"한적 총재 대북서한, 남북간 인도적 문제를 공정한 대화 통해 해결 기대"
2000년대,2000-03-09,"김대중 대통령, 「베를린 선언」발표 - 북한의 경제회복 지원, 한반도 냉전종식과 평화정책 추구, 이산가족문제 해결, 남북당국간 대화 및 특사 교환 촉구"
2000년대,2000-06-13,남북정상회담「남북공동선언」채택 - 이산가족 방문단 상호 교환 합의
2000년대,2000-06-27,제1차 남북적십자회담 -「 남북이산가족방문단 교환과 면회소 설치·운영 및 비전향장기수 송환에 관한 합의서」채택
2000년대,2000-08-08,"정몽헌 현대아산회장, 소 500마리 동반 방북"
2000년대,2000-08-15,"제1차 이산가족방문단 교환(서울, 평양)"
2000년대,2000-08-29,제2차 남북장관급회담(평양)
2000년대,2000-09-02,비전향장기수 63명 송환
2000년대,2000-09-14,"북측, 김용순 특사 방한(9.11-14) 공동보도문 발표"
2000년대,2000-09-20,제2차 남북적십자회담(금강산) - 「제2차 남북적십자회담 합의서」 채택
2000년대,2000-09-27,제3차 남북장관급회담(제주도)
2000년대,2000-11-30,"제2차 이산가족방문단 교환(서울, 평양)"
2000년대,2000-12-07,"서울 가정법원, 북한주민에 대해 남한 호적등재 승인"
2000년대,2000-12-10,"북적, 제3차 남북적십자회담을 2001년으로 연기 제의 대남전통문"
2000년대,2000-12-12,제4차 남북장관급회담(평양)
2000년대,2001-01-12,"북적, 제3차 적십자회담 개최 제의(1. 29 ~ 31) 대남전통문"
2000년대,2001-01-29,제3차 남북적십자회담 개최(금강산)
2000년대,2001-02-23,제2차 이산가족 생사 주소 확인 작업 결과 통보
2000년대,2001-02-26,"제3차 이산가족방문단 상호 교환방문(서울, 평양)"
2000년대,2001-03-15,판문점을 통해 이산가족 서신교환(각 300통) 실시
2000년대,2001-08-10,"한적 대북성명, 남북적십자회담 조속 개최 제의"
2000년대,2001-09-15,제5차 남북장관급회담(서울)
2000년대,2001-09-20,"북적 대남전통문, 제1차 남북적십자 실무접촉 대표단명단 통보 요청"
2000년대,2001-09-21,"한적 대북전통문, 제4차 이산가족방문단 교환 일정 제의"
2000년대,2001-09-22,"한적 대북전통문, 제4차 이산가족방문단 교환 일정 수정"
2000년대,2001-10-09,제4차 이산가족방문단 명단 교환
2000년대,2001-10-12,"북한 조평통 대변인 담화, 이산가족방문단 태권도 시범단 연기 및 모든 당국자 회담 금강산 개최 주장"
2000년대,2001-10-12,"통일부 대변인 논평, 북측의 남북이산가족방문단 및 태권도 시범단 방문 연기 발표 유감"
2000년대,2001-10-16,"남북장관급회담 수석대표 대북전통문, 제4차 이산가족 방문단교환 촉구"
2000년대,2001-11-22,"북적 대변인 담화, 이산가족방문단 교환 위한 환경 조성 촉구"
2000년대,2001-12-11,"한적 대북전통문, 남북적십자실무접촉 제의"
2000년대,2001-12-29,"한적 총재 북적 위원장에게 연하장 발송, 남북적십자간 공고한 협력 관계 구축 희망"
2000년대,2002-01-29,"한적 대북전통문, 제4차 이산가족방문단 교환 제의"
2000년대,2002-04-05,"임동원 특사 방북, 공동보도문 발표"
2000년대,2002-04-11,"한적 대북전통문, 제4차 이산가족방문단 교환 절차 협의 제의"
2000년대,2002-04-28,제4차 이산가족상봉(금강산)
2000년대,2002-08-02,남북장관급회담 실무대표접촉(금강산)
2000년대,2002-08-12,제7차 남북장관급회담(서울)
2000년대,2002-08-17,"한적 대북전통문, 제5차 이산가족상봉 교환 제의"
2000년대,2002-08-19,"판문점 적십자 연락관 접촉, 제5차 이산가족상봉 관련 일자 등 합의"
2000년대,2002-08-23,"한적 대북전통문, 제5차 이산가족 상봉 제의"
2000년대,2002-08-24,"북적 대남전통문, 제4차 남북적십자회담 개최 동의"
2000년대,2002-09-03,"북적 대남전통문, 제4차 적십자회담 연기 제의"
2000년대,2002-09-03,"한적 대북전통문, 제4차 남북적십자회담 연기 제의 동의"
2000년대,2002-09-06,"제4차 남북적십자회담(금강산), 「제4차 남북적십자회담 합의서」 채택"
2000년대,2002-09-13,제5차 이산가족상봉(금강산)
2000년대,2002-10-08,"한적 대북전통문, 제5차 남북적십자회담 개최 제의"
2000년대,2002-10-09,"북적 대남전통문, 남측의 제5차 남북적십자회담 제의 수정 제의"
2000년대,2002-10-11,"북적 대남전통문, 남측의 제5차 남북적십자회담 일자 수정제의"
2000년대,2002-10-24,"한적 대북전통문, 남북적십자실무접촉 수정 제의 (10.31)"
2000년대,2002-10-31,제1차 남북적십자실무접촉(금강산)
2000년대,2002-12-04,"판문점 적십자 연락관 접촉, 남북적십자실무접촉 재개 관련 북측 입장 타진"
2000년대,2002-12-06,"북적 대남전통문, 제2차 적십자실무접촉 제의"
2000년대,2002-12-09,"한적 대북전통문, 제2차 남북적십자실무접촉 개최 제의 동의"
2000년대,2002-12-15,제2차 남북적십자실무접촉(금강산)
2000년대,2003-01-06,"한적 총재 대북전통문, 제3차 적십자실무접촉 제의"
2000년대,2003-01-09,"북적 대남전통문, 제3차 적십자실무접촉 동의"
2000년대,2003-01-20,제3차 남북적십자실무접촉 -「 제3차 남북적십자실무접촉 합의서」채택
2000년대,2003-01-26,"남북적십자사, 제6차 이산가족상봉(2.22~25, 금강산) 후보자 명단 각각 200명 교환"
2000년대,2003-02-04,"한적 대북전통문, 제1차 금강산면회소 건설추진단회의 일자 수정 제의"
2000년대,2003-02-05,"북적 대남전통문, 제1차 금강산면회소 건설추진단회의 개최 동의"
2000년대,2003-02-13,제1차 금강산면회소 건설추진단 회의(금강산)
2000년대,2003-02-14,"북적 대남전통문, 육로 통한 이산가족상봉 동의"
2000년대,2003-02-20,제6차 이산가족상봉행사(금강산)
2000년대,2003-02-26,"판문점 연락관 협의, 금강산면회소 건설추진단 제2차 회의 개최협의"
2000년대,2003-03-03,제2차 금강산면회소 건설추진단 회의(금강산)
2000년대,2003-04-27,제10차 남북장관급회담(평양)
2000년대,2003-06-15,"제7차 이산가족 상봉단(6.27, 금강산) 명단 교환"
2000년대,2003-06-24,"한적 총재, 제7차 이산가족상봉행사에 해외거주가족의 참가 허용촉구"
2000년대,2003-06-27,제7차 남북이산가족상봉행사(금강산)
2000년대,2003-06-27,"한적 총재, 북적에 납북자 및 실종언론인 생사확인 요청"
2000년대,2003-06-29,"한적 총재, 북적에 6.25 전쟁 중 납북되거나 실종된 언론인 225명의 명단을 전달하고 이들의 생사확인 요청"
2000년대,2003-07-09,제11차 남북장관급회담(서울)
2000년대,2003-07-22,"한적 총재, 제8차 이산가족상봉행사 개최 제의"
2000년대,2003-08-14,"북적 대남전통문, 제8차 이산가족상봉행사 관련 남측제의 일정에 동의"
2000년대,2003-08-17,"대한적십자사, 제8차 이산가족 상봉행사(9.20～25) 북측후보 200명 명단 공개"
2000년대,2003-08-21,제3차 금강산면회소 건설추진단 회의(금강산)
2000년대,2003-09-05,제1차 금강산면회소건설 당국간 비공개 접촉(금강산)
2000년대,2003-09-20,제8차 이산가족상봉행사(금강산)
2000년대,2003-10-23,제2차 금강산면회소건설 당국간 비공개 접촉(금강산) - 건설방법·설계 등 면회소 관련 제반사항 합의
2000년대,2003-10-28,"한적 총재, 제5차 남북적십자회담 개최 제의"
2000년대,2003-10-29,"북적 대남전통문, 제5차 남북적십자회담 개최일자 수정 제의"
2000년대,2003-10-31,"한적 대북전통문, 제5차 남북적십자회담 개최 관련 북측의 개최 일자 수정 제의에 동의"
2000년대,2003-11-04,제5차 남북적십자회담(금강산) - 「금강산면회소 건설에 관한 합의서」 채택
2000년대,2003-11-15,금강산면회소 건설부지 측량 및 지질조사를 위한 남북 실무자 접촉(금강산)
2000년대,2003-12-08,"통일부, 이산가족 면회소 관련 2004년 상반기 공사 시작, 2005년 말 완공 계획임을 보도"
2000년대,2003-12-29,"한적 총재, 금강산면회소 계획 설계 통보 및 측량 지질조사 실무협의 제의"
2000년대,2004-01-15,측량 지질조사를 위한 제1차 실무협의(금강산)
2000년대,2004-02-06,제13차 남북장관급회담(서울)
2000년대,2004-02-24,측량 지질조사를 위한 제2차 실무협의(금강산)
2000년대,2004-03-15,"남북 양측 적십자사, 제9차 이산가족 상봉단 후보자 각각 200명에 대한 생사 및 주소 확인 결과 회보서 교환"
2000년대,2004-03-18,"남북, 9차 이산가족 상봉 최종명단 교환"
2000년대,2004-04-01,제9차 남북이산가족 상봉행사
2000년대,2004-04-03,"정세현 통일부 장관 긴급 브리핑, 우리 측 지원인원 발언 사과"
2000년대,2004-05-04,제14차 남북장관급회담
2000년대,2004-05-14,"한적, 제10차 남북이산가족상봉행사 제의"
2000년대,2004-05-24,제4차 남북적십자실무접촉(금강산)
2000년대,2004-06-07,"남북적십자 총재, 제10차 이산가족 상봉행사를 7. 11 ~ 16 개최키로 합의"
2000년대,2004-06-09,"남북, 제10차 이산가족 생사 확인 의뢰서 교환"
2000년대,2004-07-11,제10차 남북이산가족 상봉행사(금강산)
2000년대,2004-11-12,"한적, 이산가족 사망자 107명 기일 대북통보"
2000년대,2004-11-19,"북적, 금강산면회소 건설관련 실무접촉 제의"
2000년대,2004-11-25,금강산 면회소건설 실무협의 개최
2000년대,2004-12-09,"북적, 금강산 면회소 지질·측량 조사 연기 요청"
2000년대,2004-12-16,"한완상 신임 한적 총재, 이산가족 상봉 정례화 北과 협의 의지표명"
2000년대,2005-06-07,"한완상 한적 총재, 북한 아태평화위 리종혁 위원장과 이산가족 상봉생사·면회소 조기 착공 등 의견 교환"
2000년대,2005-06-21,제15차 남북장관급회담
2000년대,2005-06-24,남북적십자간 교류협력에 관한 합의서 서명
2000년대,2005-07-12,이산가족 화상상봉 시범실시를 위한 실무접촉(개성)
2000년대,2005-07-18,이산가족면회소 건설 관련 측량 및 지질조사
2000년대,2005-08-15,제1차 남북이산가족 화상상봉
2000년대,2005-08-23,제6차 남북적십자회담(금강산)
2000년대,2005-08-26,제11차 남북이산가족 상봉행사(금강산)
2000년대,2005-08-31,이산가족 금강산 면회소 착공식
2000년대,2005-09-13,제16차 남북장관급회담
2000년대,2005-10-05,제2차 이산가족 화상상봉 적십자 실무접촉(개성)
2000년대,2005-10-07,제3차 이산가족 화상상봉 적십자 실무접촉(개성)
2000년대,2005-11-05,제12차 남북이산가족 상봉행사(금강산)
2000년대,2005-11-24,제2차 이산가족 화상상봉
2000년대,2005-12-08,제3차 이산가족 화상상봉
2000년대,2005-12-13,제17차 남북장관급회담
2000년대,2006-02-21,제7차 남북적십자회담(금강산)
2000년대,2006-02-27,제4차 이산가족 화상상봉 행사
2000년대,2006-03-17,남북적십자실무접촉(금강산)
2000년대,2006-03-20,제13차 남북이산가족 상봉행사
2000년대,2006-06-19,제14차 남북이산가족 상봉행사
2000년대,2006-11-06,한완상 한국적십자사 총재 ‘조건없는 이산가족 상봉 재개’ 촉구
2000년대,2007-03-09,이산가족면회소 건설 추진을 위한 남북적십자 제6차 실무접촉(금강산)
2000년대,2007-03-21,이산가족면회소 공사 재개(금강산)
2000년대,2007-03-27,제5차 이산가족 화상상봉 행사
2000년대,2007-04-10,제8차 남북적십자회담(금강산)
2000년대,2007-05-09,제15차 남북이산가족 상봉행사
2000년대,2007-08-02,제1차 남북정상회담 개최관련 남북 특사 접촉(평양)
2000년대,2007-08-04,제2차 남북정상회담 개최관련 남북 특사 접촉(평양)
2000년대,2007-08-13,제6차 이산가족 화상상봉 행사
2000년대,2007-08-14,제1차 남북정상회담 관련 분야별 실무접촉(개성)
2000년대,2007-08-16,제2차 남북정상회담 관련 분야별 실무접촉(개성)
2000년대,2007-10-02,"남북정상회담(평양, 백화원초대소)"
2000년대,2007-10-17,제16차 남북이산가족 상봉행사
2000년대,2007-11-14,제7차 이산가족 화상상봉 행사
2000년대,2007-11-28,제9차 남북적십자회담(금강산)
2000년대,2007-12-07,금강산면회소 사무소 준공
2000년대,2008-02-05,남북 이산가족 영상편지 교환에 관한 합의서 교환
2000년대,2008-03-29,남북 당국간 대화와 접촉 거부
2000년대,2008-04-29,한적 직원 금강산 면회소 출입 금지 조치 통보
2000년대,2008-07-11,"금강산 관광객 북한군 총격으로 사망. 남, 현장조사 요구 및 금강산 관광 잠정 중단"
2000년대,2008-07-12,금강산면회소 완공(7.21 조달청 준공검사
2000년대,2008-08-09,북한 남측 인원 추방 조치 8월10일부터 실시 발표
2000년대,2008-11-12,"북적, 판문점 적십자연락대표부 폐쇄, 북한측 대표 철수, 판문점을 경유한 남북 직통전화 단절 발표<UN 북한인권결의안 상정(11.11) 직후>"
2000년대,2008-11-24,"남북 장성급군사회담 북측 단장, 12월1일자로 개성관광 전면차단 및 개성공단, 금강산관광지구의 남한 당국관련 상주인원 및 차량에 대한 선별 추방 통보"
2000년대,2008-12-01,"북측 군사분계선 육상통행에 대한 엄격 제한, 차단조치 실시"
2000년대,2009-03-30,"북한, 현대아산 직원 체제비판 혐의로 체포, 조사"
2000년대,2009-08-26,남북적십자회담 개최(추석계기 이산가족상봉 합의)
2000년대,2009-09-26,추석계기 이산가족상봉
2000년대,2009-10-16,"남북적십자실무접촉(개성), 이산가족문제 등 인도적 사안 협의"
2000년대,2009-11-02,이산가족정보통합센터 자료 현행화 시작
2010년대,2010-04-08,"북한, 금강산면회소 등 동결, 관리인원 추방 성명발표"
2010년대,2010-04-09,"한적, 북측 동결조치에 대해 유감표명 및 즉시 철회 촉구"
2010년대,2010-04-13,"북한, 면회소 시설 동결 조치 및 관리인원 추방"
2010년대,2010-05-25,"북한, 판문점적십자연락대표부 전면 폐쇄 조치"
2010년대,2010-08-11,"한적, 대승호 선원 조기송환 촉구"
2010년대,2010-08-20,"한적, 대승호 선원 조기 송환 재촉구"
2010년대,2010-09-07,대승호 선원 귀환
2010년대,2010-09-17,"남북적십자 실무접촉(1차, 개성)"
2010년대,2010-09-24,"남북적십자 실무접촉(2차, 개성)"
2010년대,2010-10-01,"남북적십자 실무접촉(3차, 개성), 금강산 이산가족상봉 합의"
2010년대,2010-10-30,제18차 이산가족 상봉행사
2010년대,2010-11-24,"남북적십자회담 무기연기, 인도적 지원 중단"
2010년대,2011-01-06,"한적 총재, 서해 표류 북한주민 3명 판문점 통해 인도"
2010년대,2011-01-08,"북 조평통 대변인 담화, 적십자회담 재개 제의"
2010년대,2011-01-10,"북적, 적십자 회담 제의(2. 1, 문산)"
2010년대,2011-01-12,"북, 판문점 남북적십자 연락 사무소 8개월만에 재개통"
2010년대,2011-02-01,"북적, 적십자회담 재요구(1.10자 회담 제의 관련)"
2010년대,2011-02-05,북한 주민 31명 탑승 어선 연평도 동북쪽으로 남하
2010년대,2011-02-07,"북적, 주민 31명 전원과 선박 송환 요청"
2010년대,2011-02-08,"북적, 전원 송환 재 촉구"
2010년대,2011-02-09,"한적, 북측의 회담제의에 대한 답신 - 개최 원칙은 동의, 구체적 일자 및 장소는 남북고위급군사회담 이후에 쌍방의 협의"
2010년대,2011-03-03,"한적, 북한주민 27명 송환(3.4 11시 판문점)할 계획임을 통지 - 귀순을 희망하는 4명에 대해서는 자유의사 존중하여 처리"
2010년대,2011-03-03,"북적, 31명 전원 송환 촉구"
2010년대,2011-03-04,판문점을 통한 송환 불발(북측이 응하지 않음)
2010년대,2011-03-07,"북적, 송환 해결을 위한 남북적십자실무접촉 제의 - 동접촉에 귀순의사 밝힌 4명의 가족이 함께 나올 것이며, 우리측도 당사자 4명을 데리고 나올 것을 요구"
2010년대,2011-03-07,"한적, 희망자 27명 3.7(월) 16시 판문점을 통해 송환예정 통지 - 27명 송환후 4명의 자유의사 확인 문제는 협의 가능함"
2010년대,2011-03-08,"북적, 4명에 에 대해 판문점에서 대면할 것을 재차 요청"
2010년대,2011-03-09,"북 월선주민 가족 일동, 통일부장관·대한적십자사 총재앞 편지 전달 - 31명 전원 송환 및 4명에 대해 대면 요청"
2010년대,2011-03-11,"한적, 북 가족 편지 전달 요청에 대한 ‘한적’ 입장 전달 - 남북의 가족간 편지를 전달하는 새로운 관례를 만들어 나간다는 차원에서 북한측이 이러한 원칙에 동의한다면, 북측 가족의 편지를 당사자에게 전달할 것임을 통지"
2010년대,2011-03-15,"북측, 주민 27명 해상송환 우선 요청"
2010년대,2011-03-16,"한적, 북한 주민 27명 내일 해상 송환 통지(선박고장으로 미성사)"
2010년대,2011-03-25,"한적, 3.27 해상송환 예정 통보"
2010년대,2011-03-27,"북한 주민 27명, 서해 연평도 인근 북방한계선상에서 선박과 함께 북측으로 귀환"
2010년대,2011-03-30,"북적, 귀순자 4명 대면확인 및 송환문제 협의를 위한 적십자실무접촉 요구"
2010년대,2011-04-01,"북적, 귀순자 4명 대면확인 및 송환문제 협의를 위한 적십자실무접촉 재차 요구"
2010년대,2011-04-01,"한적, 귀순자 4명 관련 적십자실무접촉 제의 우리측 입장 전달 - 인도주의 원칙에 따라 자유의사를 존중해 처리한 귀순자 송환문제 협의 불필요"
2010년대,2011-04-22,"북적, 귀순자 4명 문제 해결을 위한 적십자실무접촉 재차 요구"
2010년대,2011-04-27,"한적, 적십자실무접촉 제의 - 5.4 판문점 평화의 집에서 적십자 실무접촉을 가질 것을 제의"
2010년대,2011-06-16,"북적, 월선 주민 9명 송환 요구"
2010년대,2011-06-16,"한적, 월선 주민 9명 조사 중이며, 모두 귀순희망을 원해 본인들의 의사에 따라 처리할 예정임을 통지"
2010년대,2011-07-14,"북적, 한적에 남한주민사체 1구 인도 통지"
2010년대,2011-07-14,"한적, 사체 인수 회신(7.15 11:00 판문점 통해 인수)"
2010년대,2011-08-08,"한적, 북적에 북한 주민 사체 및 유류품 인도 통지(8.10 09:50 판문점 통해 인도)"
2010년대,2011-08-12,"한적, 북적에 전마선 2척 및 승선인원 4명 보호하고 있으며, 4명을 송환하겠다고 통지(18:30 판문점을 통해 송환)"
2010년대,2011-08-18,"한적, 북적에 무동력 목선 1척 및 승선인원 2명 보호하고 있으며, 2명을 송환하겠다고 통지(18:30 판문점을 통해 송환 완료)"
2010년대,2011-08-19,"한적, 북한주민 사체 1구 북적에 인도 통지(8.22 15:00 판문점 통해 인도)"
2010년대,2011-08-23,금강산 체류 우리 국민 14명 철수
2010년대,2011-10-05,"북적, 한적에 남강원도 해상 표류 선박 1척(목선, 2t급)과 주민 2명 송환 요구"
2010년대,2011-10-06,"한적, 북적에 동해상 귀순 인원 2명 자유의사 존중하여 처리할 것임 통보"
2010년대,2011-10-06,"북적, 한적에 주민 2명의 신원을 밝힐 것과 일본을 통해 귀순한 9명의 주민들까지 전원 송환할 것을 요구"
2010년대,2011-11-25,"한적, 북적에 서해상 표류 월선한 무동력 목선 1척과 주민 1명을 송환 하겠다고 통지"
2010년대,2011-11-25,"북적, 주민 1명과 선박 서해해상을 통해 받겠다고 회신(11.25 17:00 소환 완료)"
2010년대,2012-02-14,"한적, 북적에 이산가족상봉 관련 남북적십자간 실무접촉 제의(미전달)"
2010년대,2012-08-08,"한적, 추석계기 이산가족 상봉 개최를 위한 남북적십자 실무접촉 제의"
2010년대,2012-08-09,"북적, 5.24 조치 해제, 금강산관광 재개 구실로 우리측 제의 거부"
2010년대,2013-03-08,"북한 불가침에 관한 모든 합의 전면 폐기, 비핵화공동선언 완전 백지화, 판문점 적십자 채널 중단 발표"
2010년대,2013-03-11,"북, 판문점 직통전화 단절"
2010년대,2013-08-15,"대통령, 8·15 경축사를 통해 추석전후 이산가족상봉 제의"
2010년대,2013-08-16,"한적, 이산가족 상봉관련 남북적십자사 실무접촉 제의"
2010년대,2013-08-18,"北, 이산가족 상봉 적십자 실무접촉(8.23) 장소를 금강산으로 수정 제의(조평통 대변인 담화)"
2010년대,2013-08-19,"南 통지문, 적십자 실무접촉 장소를 평화의 집으로 재차 제의"
2010년대,2013-08-20,"北, 이산가족 상봉문제와 금강산 관광과 연계, 실무접촉 장소를 ‘금강산’ 재차 제의"
2010년대,2013-08-23,"南, 적십자 실무접촉은 금강산 문제와 별개 사안으로 8.23, 판문점에서 개최하고, 금강산 관광 실무회담은 9월 25일 금강산개최 제의"
2010년대,2013-08-28,이산가족 상봉행사 관련 금강산 시설 점검 실시
2010년대,2013-08-29,"이산가족 상봉 관련, 남북 ‘생사확인 의뢰서‘(南 250명, 北 200명) 교환"
2010년대,2013-09-03,"南, 이산가족 숙소로 외금강호텔·금강산호텔 사용 입장 전달,(판문점 연락관 채널)"
2010년대,2013-09-04,"北(통지문), 금강산관광 예약으로 외금강호텔·금강산호텔을 이용할 수 없다며 해금강호텔·현대생활관을 사용할 것을 제의"
2010년대,2013-09-05,"南(통지문), 안전성·수용규모 등을 고려할 때, ’09년·’10년 상봉행사시 숙소로 사용한 외금강호텔과 금강산호텔을 사용해야 한다는 입장을 재강조"
2010년대,2013-09-13,"남북, 이산가족 상봉후보자들의 생사확인 회보서 교환(판문점)"
2010년대,2013-09-16,"이산가족 상봉 최종명단(南 96명, 北 100명) 교환"
2010년대,2013-09-20,이산가족 상봉행사 선발대 방북
2010년대,2013-09-21,"북 조평통 대변인 성명, 이산가족 상봉행사 일방 연기 발표"
2010년대,2013-09-21,"한적, 총재명의의 보도자료 배포(상봉 연기 유감표명)"
2010년대,2013-10-24,"북적 통지문, ‘불법입국 하였다가 단속된 우리측 인원 6명을 인도주의적 차원에서 돌려 보내겠다’는 입장을 통보"
2010년대,2013-10-24,"한적 통지문, ‘늦었지만 이들을 돌려보내겠다고 결정한 것에 대해 다행스럽게 생각한다’는 입장 전달"
2010년대,2013-10-25,판문점을 통해 북한에 억류되어 있던 우리 국민 6명과 유해 1구 인수
2010년대,2013-11-26,연평도 인근 해상에서 구조(11.22)된 북한 선원 1명을 판문점을 통해 북측에 송환
2010년대,2014-01-06,"대통령 신년기자회견, 올해 국정 운영의 핵심과제로 「한반도 통일시대 기반 구축」을 제시(인도적 지원강화·민간교류 확대, 이산가족 상봉 재개등을 강조)"
2010년대,2014-01-06,"한적, 설계기 이산가족상봉행사 재개 및 남북적십자실무접촉 제의"
2010년대,2014-01-09,"北, 우리측 군사훈련 등을 이유로 남북적십자 실무접촉 거부(조평통 서기국 명의 통지문)"
2010년대,2014-01-09,"北(통지문), ‘좋은 계절에 마주앉을 수 있을 것’ 언급(조평통 서기국명의→ 통일부)"
2010년대,2014-01-09,"통일부, 北 통지문 관련 유감 표명, 이산가족 상봉행사 호응 촉구"
2010년대,2014-01-17,"통일부, 중대제안에 대한 이산가족문제는 정치군사적 상황과 연계될 수 없는 시급한 순수 인도적 문제임을 표명"
2010년대,2014-01-24,"北 국방위, 공개서한 발표하며 중대제안에 대한 우리측 호응 촉구"
2010년대,2014-01-24,"북적 통지문, 설계기 이산가족 상봉행사 제의"
2010년대,2014-01-24,"통일부, 북한의 이산가족 상봉 제안 수용을 환영"
2010년대,2014-01-27,"한적 통지문, 설계기 이산가족상봉관련 실무접촉 제의(1.29 판문점 통일각에서 개최)"
2010년대,2014-01-28,"국방부, 정책기획관 명의 통지문 대북 발송(정례적 훈련이 이산가족 상봉이 영향을 받아서는 안된다는 것을 강조)"
2010년대,2014-01-29,"한적 통지문, 1.27일자 통지문 답변 촉구"
2010년대,2014-01-31,"통일부장관, 남북 적십자 실무접촉 제안에 대한 北의 답변지연 유감표명, 이산가족 행사에 조속한 호응 촉구(망향경모제 격려사)"
2010년대,2014-02-03,"북적 통지문, 남북적십자실무접촉 제의"
2010년대,2014-02-03,"한적 통지문, 남북적십자실무접촉 개최일자(2.5) 제의"
2010년대,2014-02-05,남북적십자 실무접촉 개최(판문점 통일각) - 설계기 이산가족상봉행사 개최 합의(2.20~2.25 금강산 진행)
2010년대,2014-02-06,"통일부, 대통령 연두업무 보고 실시(인도적 문제 해결, 남북동질성 회복 및 호해 협력 추진)"
2010년대,2014-02-06,"北 국방위 정책국 대변인, 北체제에 대한 비방 계속되는 한 합의 이행 고려, 이산가족 상봉행사 합의 불이행 가능성 표명"
2010년대,2014-02-06,"정부, 이산가족 상봉과 무관한 사안으로 합의 이행 위협에 대한 유감 표명, 상봉 합의를 반드시 지켜져야 한다는 입장 표명 (통일부 대변인 발표)"
2010년대,2014-02-08,"北 통지문, 남북고위급 접촉 제의"
2010년대,2014-02-10,"남북, 고위급 접촉 2.12 판문점 평화의 집 개최 합의"
2010년대,2014-02-12,남북고위급 접촉 개최(이산가족 상봉행사 등 협의)
2010년대,2014-02-14,"남북고위급 접촉 속개, 공동보도문 합의(이산가족 행사 진행)"
2010년대,2014-02-18,"대통령, 국무회의시 이산가족 상봉 관련 근본대책 수립 지시"
2010년대,2014-02-20,제19차 남북 이산가족상봉(2.20 ~ 25)
2010년대,2014-03-05,"한적 통지문, 남북적십자실무접촉 제의"
2010년대,2014-03-06,"북적 통지문, 남북적십자실무접촉제의에 대한 입장 - 이산가족 상봉정례화와 같은 중대한 인도적 문제는 남북적십자간 협의로 해결될 성격의 문제가 아니라고 언급"
2010년대,2014-03-07,"한적 통지문, 남북적십자 실무접촉에 대한 호응 촉구"
2010년대,2014-03-28,대통령 드레스덴 선언(이산가족 상봉 정례화등 평화통일을 위한 3대 제안 발표)
2010년대,2014-04-06,"여수해역에 침몰한(4.4) 몽골 화물선의 北 선원 구조 관련, 구조 선원(3명) 및 인양 시신(2구)을 판문점을 통해 북측에 송환"
2010년대,2014-05-30,"北 최고재판소, 억류 중인 김정욱 선교사에 무기노동교화형 언도"
2010년대,2014-06-01,"통일부 대변인, 김정욱 선교사 무기노동교화형 언도(5.30) 유감 표명 및 조속한 석방과 송환 요구"
2010년대,2014-06-03,"동해상 표류 北 선박 관련, 구조된 3명의 선원 중 귀환의사를 밝힌 1명을 판문점을 통해 송환"
2010년대,2014-06-10,"南 통지문, 김정욱 선교사 억류 및 일방적 무기노동교화형 선고 유감 표명 문제협을 위한 실무접촉(6.17) 개최 제의"
2010년대,2014-06-16,"동해상 표류 北 선박(6.13) 관련, 귀환의사를 밝힌 구조 선원 5명 모두를 판문점을 통해 북측에 송환"
2010년대,2014-07-28,"북적 통지문, 7.27 우리측 주민으로 보이는 변사체 발견, 7.30 판문점을 통해 인도할 것임을 통보"
2010년대,2014-08-11,"南 통지문(남북고위급접촉 남측 수석대표 → 북측 단장), 제2차 남북고위급접촉 8.19 판문점 북측 통일각 개최 제의, 추석 계기 이산가족 상봉 문제를 비롯한 쌍방의 관심사항을 논의하자는 의사 전달"
2010년대,2014-08-18,"통일부 대변인 성명, 남북고위급접촉 개최 호응 촉구"
2010년대,2014-11-09,"정부, 억류 미국인 석방을 환영하며, 북한이 김정욱 선교사 석방·이산가족 상봉 등 남북간 인도주의적 문제 해결에도 적극 호응해 나올 것을 촉구(외교부 대변인 논평)"
2010년대,2014-11-23,"정부, 독도 근해 표류중인 북한어선 구조(11.26 북측에 인계)"
2010년대,2014-12-23,"정부, 독도 근해서 표류하다 구조(12.19)된 北 어선을 북측으로 송환"
2010년대,2014-12-26,"北, 불법 입북한 우리측 주민을 판문점을 통해 인도"
2010년대,2014-12-29,"통일준비위원회, 내년 1월 중 이산가족 문제 등 남북간 상호 관심사에 대한 대화를 가질 것을 제안"
2010년대,2015-01-12,"대통령 신년기자회견, 광복 70주년을 맞아 남북관계 발전·평화통일 기반 구축의지 천명"
2010년대,2015-01-20,北 정부·정당·단체 연합회의 개최. ‘체제대결 추구 중단’ 등을 주장하며 ‘고위급 접촉 재개 및 부문별 회담 가능성’ 등을 언급한 호소문을 채택 - 청와대·국회의장·새누리당·새정치민주연합·한적 등 5개 기관 앞으로 호소문 발송(1.21)
2010년대,2015-01-23,"북 조평통 대변인 담화, 이산가족 상봉을 위해 5.24 조치 해제 주장"
2010년대,2015-01-23,"정부, 북한의 5.24조치와 이산가족 상봉의 연계에 유감 표명"
2010년대,2015-02-19,"통일부장관, 이산가족 망향경모제 계기 북한에 이산가족 및 국군포로·납북자문제 해결 위한 대화·실천 강조"
2010년대,2015-02-23,"정부, 동해상에서 구조(2.12)한 北 주민(2명)을 판문점을 통해 송환"
2010년대,2015-03-26,"北, 우리 국민 2명(김국기·최춘길)을 간첩이라고 주장하며 3.26 인민문화궁전에서 내외신 기자회견 개최"
2010년대,2015-03-27,"정부, 북한의 우리 국민 억류 및 북한의 주장에 유감을 표하며 우리 국민의 즉각 송환 등을 촉구(통일부 대변인 성명)"
2010년대,2015-04-02,"北 조평통 대변인 담화, 우리 국민 억류를 거듭 간첩 사건으로 왜곡 주장하면서 ‘무자비한 처단’ 위협"
2010년대,2015-04-03,"정부, 북한의 간첩 날조 비판, 억류 국민 송환 재차 촉구(통일부 대변인 논평)"
2010년대,2015-05-02,"北, 주원문(우리국민이자 美 영주권자/ 21, 뉴욕대 학생) 체포사실 공개(‘비법입북’ 주장)"
2010년대,2015-05-04,"통일부, 억류된 우리 국민(주원문씨 등 4인)의 석방을 촉구성명"
2010년대,2015-05-14,"박근혜 대통령, 이북도민 대표단 간담회 개최, 평화통일시대 노력 강조"
2010년대,2015-05-21,"북적, 대변인 담화, 대통령의 이산가족 상봉 재개 촉구에 대해 비난"
2010년대,2015-05-22,"정부, 북적 대변인 담화 관련 인도적 사안인 이산가족 문제를 정치·군사적 사안과 연계한 것에 대해 유감을 표명하고 중단할 것을 촉구(통일부 대변인 브리핑)"
2010년대,2015-06-12,"北, 우리 국민 억류 및 석방·송환을 요구하는 우리 정부의 대북통지문 접수 거부"
2010년대,2015-06-17,"北, 우리 국민 2명 판문점을 통해 송환"
2010년대,2015-06-18,"정부, 표류 北 선박 1척·선원 5명 (6.16 울릉도 근해 구조)을 북측으로 송환"
2010년대,2015-06-23,"北, 억류된 우리 국민(김국기, 최춘길)에 무기노동교화형선고"
2010년대,2015-06-23,"정부, 북한이 우리 국민(김국기, 최준길)에 무기노동교화형을 선고한 것에 유감 표명, 김정욱, 주원문씨를 포함한 억류 국민 석방·송환 촉구(통일부 대변인"
2010년대,2015-07-08,"北 우리민족끼리, 구조(7.4 동해상)된 北 선원 송환(5명 중 2명 송환, 3명 귀순의사 표명)관련 전원송환을 요구하며 그렇지 않을 경우 단호한 대응 조치 위협"
2010년대,2015-07-08,"정부, 北 선원(7.4 동해상구조) 송환관련 귀순의사 3명 제외한 2명 송환 입장 재확인(통일부 대변인 브리핑)"
2010년대,2015-07-10,"北, 구조 선원 중 2명 송환에 대해 비난하며, 귀순의사를 밝힌 3명에 대한 인적사항 통보 및 가족 면담 조치 요구"
2010년대,2015-07-10,"정부, 북한의 전원송환 주장 및 귀순의사를 밝힌 3명에 대한 인적사항 통보·가족면회 조치 요구에 대해 국제적 관례 등을 볼 때 적절치 않다는 입장 표명"
2010년대,2015-07-14,"정부, 北 선원 2명(7.4 동해상 구조, 귀순 의사를 표명한 3명 제외)을 판문점을 통해 송환"
2010년대,2015-07-14,"北, 억류중인 주원문씨 기자회견 진행"
2010년대,2015-07-14,"北赤 중앙위 대변인 성명, 표류된 北 선원 5명 중 귀순의사를 밝힌 3명을 강제억류 하고 있다고 비난"
2010년대,2015-07-26,"통일부장관, KBS 일요진단 출연 계기 북한에 남북대화 호응을 촉구학고 금강산 관광 재개, 이산가족 상봉 등 현안 관련 정부입장 설명"
2010년대,2015-08-22,남북 고위당국자접촉(8.22 ~ 24) 개최 - 이산가족 상봉행사 개최 및 적십자 실무접촉 9월초 개최 합의
2010년대,2015-08-28,"한적 통지문, 남북적십자실무접촉 9.7 개최 제의"
2010년대,2015-08-29,"북적 통지문, 우리측 남북적십자실무접촉 개최 제의에 동의"
2010년대,2015-09-07,"남북 적십자 실무접촉 개최(9.7 ~ 8, 판문점 ‘평화의 집’)"
2010년대,2015-09-15,"남북, 이산가족 생사확인 의뢰서 교환"
2010년대,2015-09-16,이산가족 상봉을 위한 금강산 시설 점검 실시(9.16 ~ 17)
2010년대,2015-09-25,"北, 억륙된 우리 국민(주원문)의 내외신 기자회견 진행(평양)"
2010년대,2015-10-05,"북적 통지문, 北 억류국민(주원문)을 오후 5시에 인도할 것을 통보"
2010년대,2015-10-05,"한적 통지문, 주원문씨를 돌려보내는 것에 대해 환영하며 우리측 시간 5시 30분에 관계자를 판문점으로 보내겠다고 통보"
2010년대,2015-10-05,주원문씨 판문점을 통해 송환
2010년대,2015-10-08,"남북, 이산가족 상봉행사 최종 명단 교환"
2010년대,2015-10-20,"제20차 이산가족 상봉행사(10.20 ~ 26, 금강산)"
2010년대,2015-11-05,"통일준비위원회, 6차회담 개최 (박근혜 대통령, 이산가족 근본적 과제 조속해결 강조)"
2010년대,2015-11-17,"북적 통지문, 北 억류국민 이모씨를 오후 4시에 인도하겠다고 통보"
2010년대,2015-11-17,"한적 통지문, 이모씨의 신병 인수관계자를 판문점으로 보내겠다고 통보"
2010년대,2015-11-17,북한에 억류되었던 우리 국민 이모씨 판문점을 통해 송환
2010년대,2016-01-05,"대통령, 국무회의에서 남북관계 정상화 의지 강조"
2010년대,2016-01-20,"정부, 이산가족 문제 해결 지속적 노력 표명(통일부 대변인 정례브리핑)"
2010년대,2016-04-01,"北, 박 대통령 재직 중 인도주의적 교류 불가 천명(북적 대변인 담화)"
2010년대,2016-04-01,"정부, 北 인도적 교류 중단 일방 선언(4.1) 강력 규탄(통일부 대변인 논평)"
2010년대,2016-06-23,"통일부·대한적십자사, 이산가족 초청 행사 개최(충북지역 117명)"
2010년대,2016-06-27,"북, 광복절 전후로 평양이나 개성에서 ‘연석회의’를 개최할 것을 제안(북 조선반도의 평화와 자주통일을 위한 북,남,해외 제정당, 단체, 개별인사들의 연석회의 북측 준비위원회 공개편지)"
2010년대,2016-06-28,"정부, 북 연석회의 제의 공개편지(6.7) 관련 ‘진정성 없는 통일전선 공세’로 규정하고 북한의 비핵화가 우선이라는 입장을 거듭 확인"
2010년대,2016-07-16,"대통령, 북한 인권문제와 핵 문제에 대한 근본적인 해결책은 결국 한반도 통일이라고 역설하고 각국 정상의 지지와 협조를 요청(ASEM 정상회의 자유토론 세션 발언)"
2010년대,2016-07-19,"북, 우리측에 ‘전민족적인 통일대회합 개최에 합류해야 할 것’이라고 주장(남, 북, 해외 제정당, 단체, 개별인사들의 연석회의 북측준비위 공보)"
2010년대,2016-07-26,"통일부장관, 제재와 압박으로 북한의 비핵화를 유도한다는 현 대북정책 기조 유지에 대한 의지 강조(기자간담회)"
2010년대,2016-08-02,"북, 연석회의 준비사업이 남 당국의 방해와 남측 준비위원회 미결성으로 개최가 어려움을 강변(‘민족대회합 연석회의’ 북측준비위원회 협의회)"
2010년대,2016-08-15,"대통령, 통일국가 비전을 제시하면서 ‘북한당국’에 올바른 태도변화를 촉구, 북한주민들에게 희망의 메시지를 전하고, 통일노력에 동참할 것을 요청(제71주년 광복절 경축사)"
2010년대,2016-08-16,"북, 대통령의 광복절 경축사에 대해 맹비난하고 위협(북 조국평화통일위원회 대변인 담화)"
2010년대,2016-08-18,"북, 대통령 광복절 경축사 등 거론하며 연석회의 개최를 방해하는 것이라고 비난(조선반도의 평화와 자주통일을 위한 남, 북, 해외 제정당, 단체, 개별인사들의 연석회의 북측준비위 성명)"
2010년대,2016-08-23,"북, 「8.25합의」 1주년 계기 현재 남북관계 및 한반도 정세에 대해 책임 전가, 비난(북 조국평화통일위원회 대변인 담화)"
2010년대,2016-08-24,"정부, 북한에 「8.25합의」의 진정한 의미를 되새기고, 이제라도 핵 개발과 대남도발을 중단하고 올바르고 진정성 있는 자세로 나올 것을 촉구(「북 조국평화통일위원회 대변인 담화에 대한 정부입장」, 통일부 대변인 정례브리핑)"
2010년대,2016-09-07,"北, 주한미군 철수 주장(北 조국통일민주주의전선 중앙위원회, 「전체 조선 민족에게 보내는 호소문」)"
2010년대,2016-09-07,"정부, 북한의 주한미군 철수 주장(9.7) 관련 한반도 긴장의 근원이 무엇인지 생각해보아야할 것임을 지적하고 비핵화와 민생을 먼저 살피는 올바른 선택의 길로 나올 것을 촉구(통일부 대변인 정례브리핑)"
2010년대,2016-09-07,"北, 남북한과 해외 청년들이 참가하는 ‘조선청년 통일대회합’ 개최를 제안(北 김일성-김정일주의 청년동맹 중앙위원회, 「해내외 전체 청년들에게 보내는 호소문」)"
2010년대,2016-09-08,"정부, 북한의 ‘조선청년 통일대회합’ 개최 제안(9.7) 관련 통일전선 공세라고 일축하고 북한에 비핵화 의지를 행동으로 보이고 국제사회의 올바른 성원으로 나오는 등 진정성 있는 모습부터 보일 것을 촉구(통일부 언론 브리핑)"
2010년대,2016-09-08,"동아시아정상회의, 북한의 핵포기를 촉구하는 「비확산 성명」 최초 채택(제11차 동아시아정상회의)"
2010년대,2016-09-20,"반기문 사무총장, 북한 지도자들에 북한 주민과 국제사회에 대한 책무를 다할 것을 촉구(제71차 유엔총회 회원국 정상회의 개막연설)"
2010년대,2016-09-20,"北, 한미일 외교장관 공동성명 관련 비난 및 ‘강력한 대응조치를 다발적, 연발적으로 계속 취해 나갈 것’이라고 위협(北 외무성 대변인 조선중앙통신 기자문답)"
2010년대,2016-09-28,북한인권기록센터 개소
2010년대,2016-10-01,"대통령, 북한에 핵, 경제 병진노선을 포기하지 않을 시 국제적 고립과 경제난 심화 등이 초래될 것임을 경고하는 등 대북메시지 전달(제68주년 국군의 날 기념사)"
2010년대,2016-10-03,"국무총리, 북핵 문제를 해결해 진정한 평화의 시대를 열어야함을 강조(개천절 경축사)"
2010년대,2016-10-03,"北, 대통령 국군의날 기념사 관련 맹렬 비난(北 노동신문 정세논설)"
2010년대,2016-10-10,북한인권기록보존소 개소
2010년대,2016-11-11,"국내 입국 북한이탈주민 3만명 돌파(30,005명)"
2010년대,2016-11-14,"통일부장관, 튼튼한 한미동맹을 바탕으로 한반도 평화통일을 한미 대북정첵의 공동 목표로 삼아, 북한의 비핵화와 변화를 넘어 한반도에서 지속가능한 평화를 실현하도록 협력해 나갈 것임을 강조(한반도 국제포럼 2016 기조연설)"
2010년대,2016-11-17,"北, 한일 군사정보 보호협정 가서명 관련 ‘반민족적 범죄행위’라며 대남비난, 선동(北 아시아태평양평화위원회 대변인 담화)"
2010년대,2016-12-02,"정부, 대북 독자제재 발표(금융 제재대상 신규 추가(개인 36명과 단체 35곳), 해운 통제, 수출입 통제, 출입국 제한 등)"
2010년대,2016-12-18,"통일부장관, 대북정책 기조를 유지하면서 북한의 비핵화를 위해 노력할 것임을 강조(출입기자단 간담회)"
2010년대,2016-12-19,"유엔 총회, 북한 인권 상황을 국제형사재판소(ICC)에 회부하고 인권 유린 책임자를 처벌하도록 권고하는 내용의 결의안 최종 채택"
2010년대,2016-12-23,"김정은, 동북아시아의 현 정세를 비롯한 국제정치와 남한 정세를 설명하고 병진노선의 정당성을 강조(제1차 전당 초급당위원장 대회 개회사)"
2010년대,2017-01-01,"北, 대륙간탄도미사일 시험발사 준비사업이 마감단계에 이르렀다고 주장하고 朴대통령 실명비난(김정은 신년사 발표)"
2010년대,2017-01-01,"정부, 대륙간탄도미사일 시험발사 준비가 마감단계라고 주장(1.1)에 대해 강력 규탄하고 진정성을 가지고 비핵화의 길로 나올 것을 촉구(북한 신년사 관련 통일부 대변인 논평)"
2010년대,2017-01-04,"외교안보부처 합동 2017년 연두업무보고-통일부, ‘북한의 올바른 변화를 통한 북한 비핵화 및 평화통일 기반 구축’ 방안 보고"
2010년대,2017-01-12,"北, 우리 정부에 남북관계 경색의 책임을 전가(北 민족화해협의회 대변인 성명)"
2010년대,2017-01-13,"정부, 北 민족화해협의회 대변인 성명(1.12)에서 남북관계 경색 책임을 우리 정부에 전가한 것에 대해 유감 표명(통일부 대변인 정례브리핑)"
2010년대,2017-01-23,"통일부장관, 북한 비핵화 문제는 평화통일의 관점에서 풀어야함을 강조(서울신문기고)"
2010년대,2017-02-13,김정남 사망(말레이시아 쿠알라룸푸르)
2010년대,2017-02-25,"통일부장관, 북한이 변화해야 살아남을 수 있다는 메시지를 함께 전하고 협력해야 한, 중, 일 상생도 이어질 수 있음을 강조(한국국제정치학회 학술회의 축사)"
2010년대,2017-02-27,"통일부장관, 공포정치로는 살아남을 수 없다는 것을 북한이 깨닫게 해야함을 강조( ‘국민통합을 위한 성경적 통일포럼’ 축사)"
2010년대,2017-02-27,"외교부장관, 국제사회가 북한인권 침해자에 대해 책임을 묻는 것에 집중해야하다고 강조(제34차 유엔인권이사회 고위급 회기 기조연설)"
2010년대,2017-02-28,"외교부장관, 북한 대량살상무기 문제 해결을 위한 국제사회의 단호한 대응 촉구(제네바 군축회의 고위급 회기 기조연설, 스위스 제네바)"
2010년대,2017-03-28,"정부, 2017 국제아이스하키연맹 아이스하키 여자 세계선수권대회 참가를 위한 북한 선수단 방남 신고 승인"
2010년대,2017-04-06,2017 국제아이스하키연맹 여자 아이스하키 세계선수권 남북경기 개최(강릉)
2010년대,2017-04-07,2018 여자축구 아시안컵 예선 남북경기 개최(평양)
2010년대,2017-05-19,"정부, 북한에 한반도 평화와 안정 그리고 남북관계 개선을 위한 우리 정부와 국제사회의 노력에 호응해야할 것임을 강조(통일부 부대변인 정례브리핑)"
2010년대,2017-06-15,"대통령, 역대 남북합의는 정권이 바뀌어도 반드시 존중되어야하는 중요한 자산임을 밝히고, 북한이 핵 포기 결단을 실천한다면 적극 도울 것임을 강조하며 북한의 호응을 촉구(김대중평화센터 6.15 남북정상회담 17주년 기념식 축사)"
2010년대,2017-06-16,"정부, 남북이 함께 6.15공동선언을 존중하고 이행해 나감으로써 한반도 평화와 남북 화해협력 정신을 실천해 나가야 함을 강조(통일부 대변인 논평)"
2010년대,2017-06-23,"北 주도 ITF 태권도 시범단 방남(6.23~7.1, 2017 무주 WTF 세계태권도선수권대회 참가)"
2010년대,2017-06-24,"대통령, 평창동계올림픽 북한 선수단 참여, 남북단일팀 구성, 남북선수단 동시 입장 등 언급(2017 무주 WTF 세계태권도선수권대회 개막식 축사)"
2010년대,2017-07-06,"대통령, ‘베를린 구상’ 발표 - (5대 기조) △당장의 통일이 아닌 한반도의 평화 추구 △북한 체제의 안전을 보장하는 한반도 비핵화 추구 △항구적인 평화체제 구축 △‘한반도 신경제지도’ 구상 추진 △비정치적 교류협력은 정치, 군사적 상황과 분리해 일관되게 지속 - (대북제안) △10.4 계기 이산가족 상봉행사 재개 △평창올림픽에 북한이 참가하여 ‘평화올림픽’ 실현 △한반도 평화와 남북협력을 위한 접촉과 대화 재개"
2010년대,2017-07-17,"대한적십자사, ‘베를린 구상’ 후속조치로 8.1 판문점 우리측 지역 「평화의 집」에서 남북적십자회담을 가질 것을 제의(이산가족 상봉행사를 위한 남북적십자회담 개최 제의, 대한적십자사 회장 직무대행 발표)"
2010년대,2017-07-17,"정부, ‘베를린 구상’ 후속조치로 7.21 판문점 북측지역 「통일각」에서 남북군사당국회담 개최를 북측에 제의(군사분계선에서 일체의 적대행위 중지를 위한 남북군사당국회담 개최 제의,국방부 차관)"
2010년대,2017-07-21,"정부, 남북군사당국회담 제의 관련 북한이 대화에 나설 것을 거듭 촉구(「남북군사당국회담」 제안 관련 국방부 입장)"
2010년대,2017-08-15,"대통령, △북한에 즉각 도발을 중단하고 대화의 장으로 나올 것을 촉구 △이산가족 상봉, 평창올림픽 등 쉬운 일부터 시작할 것을 다시 한 번 북한에 제안(제72주년 광복절 경축사)"
2010년대,2017-08-31,"北, 우리 언론 北 관련 보도에 대해 ‘공화국 모독 특대형 반국가범죄’라며 ‘임의의 시각 임의의 장소에서 추가적인 절차 없이 즉시 집행’ 위협(北 중앙재판소 대변인 담화)"
2010년대,2017-08-31,"정부, 北 중앙재판소 대변인 담화(8.31) 관련, 우리 언론 보도 활동에 대한 북한의 위협에 대해 규탄(통일부 대변인 성명)"
2010년대,2017-09-07,"대통령, ""동북아 국가들이 극동에서 경제협력에 성공하는 모습을 보면 북한도 참여하는 것이 이익임을 깨닫게 될 것""(제3차 동방경제포럼 기조연설, 러시아 블라디보스톡)"
2010년대,2017-09-21,"정부, 유엔아동기금 및 세계식량계획의 「북한 모자보건, 영양지원 사업」에 남북협력기금 지원 결정(제286차 남북교류협력추진협의회 개최)"
2010년대,2017-09-21,"대통령, 유엔총회 기조연설 - ""북한이 스스로 평화의 길을 선택하기를 바람."", ""우발적인 군사적 충돌로 평화가 파괴되는 일이 없도록 북핵문제를 둘러싼 상황을 안정적으로 관리해 나가야 함."", ""한반도에서 유엔의 보다 적극적인 역할이 필요"", ""북한의 평창 동계올림픽 참가를 적극 환영하며 IOC와 함께 노력할 것"""
2010년대,2017-09-26,"대통령, ""10.4 선언 중 많은 것은 지금도 이행 가능"", ""남북이 함께 10.4 선언이 유효함을 선언할 수 있기를 바람.""(10.4 선언 10주년 기념사)"
2010년대,2017-09-28,"대통령, ""긴장고조가 군사적 충돌로 이어지지 않도록 상황을 안정적으로 관리하는데 총력""(국군의 날 기념사)"
2010년대,2017-10-04,"정부, ""이산가족 문제부터 풀어나갈 것을 다시금 북한에 촉구""(통일부장관, 제48회 합동경모대회 격려사)"
2010년대,2017-10-22,"대통령, ""우리 민주주의는 북의 미사일보다 백배 천배 강하다."", ""생사확인, 서신교환, 상봉과 고향 방문이라는 이산가족의 간절한 바람들을 정치적, 군사적 상황과 분리해 풀어가겠다.""(제35회 대통령기 이북도민 체육대회 축사)"
2010년대,2017-10-28,"IOC, 北 평창올림픽 참가시 모든 비용 부담 의사 표명(RFA 보도)"
2010년대,2017-10-31,"대통령, ""북한이 평창을 향해 내딛는 한 걸음은 수백 발의 미사일로도 얻을 수 없는 평화를 향한 큰 진전이 될 것""(제18기 민주평통 전체회의 개회사)"
2010년대,2017-10-31,"정부, ""우리 정부와 미국은 북한의 비핵화를 목표로 하되 비핵화 자체에 대한 의지가 확인되면 그 전에라도 북한과 대화, 협상을 할 수 있다고 보고 (그렇게) 접근하고 있음.""(통일부 장관, 국회 국정감사)"
2010년대,2017-11-01,대통령 ‘한반도 문제 5대원칙’ 표명(국회 시정연설) - △한반도 평화정착 △한반도 비핵화 △남북문제의 주도적 해결 △북핵문제의 평화적 해결 △북한의 도발에 대한 단호한 대응
2010년대,2017-11-03,"北 아태평화위, 현대아산 금강산관광 개시 19주년 행사를 위한 방북 요청에 대해 ""아직은 어렵다""며 거부"
2010년대,2017-11-14,"UN 총회, 「올림픽 휴전 결의」 채택 - 평창동계올림픽 및 패럴림픽 개막 7일 전부터 폐막 7일 뒤까지(‘18.2.2~3.25) UN 헌장의 틀 내에서 올림픽 휴전을 개별적으로, 또한 집단적으로 준수할 것을 촉구"
2010년대,2017-11-14,"통일부, (UN 총회 평창올림픽 휴전결의 관련) ""북한이 조속히 평창올림픽 참가를 확정 짓고, 남북이 만나 평창올림픽을 평화올림픽으로 개최하기 위한 제반 문제들에 대해 허심탄회하게 논의해 나갈 수 있기를 바람."""
2010년대,2017-11-22,최인국씨(故 류미영 北 조선천도교 청우당 위원장 차남) 모친 사망 1주기 추모행사 참석 및 성묘 방문을 위해 방북
2010년대,2017-11-25,"정부, ""북한도 올림픽 가족의 한 회원국으로 정치적 상황과 별도로 평화의 제전인 올림픽에 기여할 책임""(강경화 외교부 장관, 주한외교단과 평창 방문시)"
2010년대,2017-11-29,국립 6.25전쟁 납북자기념관 개관(파주)
2010년대,2017-12-05,"펠트만 UN 사무차장 방북, 北 리용호 외무상 등 면담 - 방북 시 남북채널 재개, 평창올림픽 참가 등을 제안했다고 언급(12.14 언론 인터뷰)"
2010년대,2017-12-07,대통령 직속 북방경제협력위원회 출범
2010년대,2017-12-19,"남북체육교류협회 주관 및 주최, 국제유소년(U-15) 축구대회 개최(중국 쿤밍) - 남, 북, 우즈벡, 중극 등 4개국 6개팀 참가"
2010년대,2018-01-01,"김정은, 2018년 새해 신년사 육성 발표 - △평창동계올림픽 대표단 파견 및 대화 용의 표명 △핵개발 완성의 의미를 강조하며 ""핵 단추가 내 책상 위에 놓여있다"" 주장 △핵, 미사일 대량생산 및 실전배치 강조 △""평화를 사랑하는 책임 있는 핵강국""이라며 핵 선제 불사용, 불위협 언급 등"
2010년대,2018-01-01,"청와대, 北 김정은 위원장이 신년사에서 남북관계 개선의 필요성을 제기하면서, 평창동계올림픽에 대표단을 파견할 용의를 밝히고, 이를 위한 남북 당국간의 만남을 제의한 것을 환영한다는 입장 표명(대변인 논평)"
2010년대,2018-01-02,"통일부장관, 평창동계올림픽 북측 참가 문제 등과 관련한 문제를 협의하기 위해 1.9 판문점 「평화의집」에서 고위급 남북당국회담을 개최할 것을 북측에 제의"
2010년대,2018-01-03,"北 조국평화통일위원회(조평통) 위원장, ‘김정은 위원장 위임에 따라’ 3일 15시 남북간 판문점 연락통로 개통 및 평창 올림픽 실무적 문제 논의 입장 발표(조선중앙TV) - 김정은이 통일전선부 등 관련 기관에 실무적 대책을 시급히 세울 것을 지시했다고 공개"
2010년대,2018-01-03,15:30 판문점 남북연락사무소간 연락채널 재가동 ＊‘16.2.12 중단된지 1년 11개월만에 복원
2010년대,2018-01-04,"한,미, 올림픽 기간 중 한미연합훈련 연기 합의"
2010년대,2018-01-05,"北, 우리측 회담제의(1.2) 수용 통보"
2010년대,2018-01-06,"정부, 회담대표로 조명균 통일부장관 등 5명 통보"
2010년대,2018-01-07,"北, 회담대표로 리선권 조평통 위원장 등 5명 통보"
2010년대,2018-01-09,「남북고위급회담」 개최 및 공동보도문 채택(판문점 남측지역 평화의집)
2010년대,2018-01-09,"北, 「남북고위급회담」시 서해 軍 통신선 복원 사실 공개"
2010년대,2018-01-10,"北, 「남북고위급회담」 진행 및 ‘공동보도문’ 전문 보도(조선중앙방송, 조선중앙통신 등)"
2010년대,2018-01-10,"대통령, 신년사를 통해 남북관계 등 주요 현안에 대한 입장 표명(신년 기자회견) - △임기내 북핵문제 해결 및 평화 공고화 목표 △한반도 비핵화는 양보할 수 없는 기본 입장 △평창올리픽, 패럴림픽을 남북관계 개선과 한반도 평화의 전기로 삼아야 △올해가 한반도 평화의 새로운 원년이 되도록 최선을 다할 것"
2010년대,2018-01-12,"정부, 北 평창올림픽 참가 관련 실무회담(1.15 평화의집) 개최 제의"
2010년대,2018-01-13,"北, 우리측 회담제의(1.12) 관련, 예술단 관련 문제 우선 논의(1.15 통일각) 제안"
2010년대,2018-01-13,"정부, 예술단 관련 문제를 우선 논의하자는 북측의 수정 제의 수용"
2010년대,2018-01-15,「북측 예술단 파견을 위한 남북실무접촉」 개최 및 공동보도문 채택(판문점 북측지역 통일각)
2010년대,2018-01-15,"北, 「남북고위급회담」 실무회담 개최(1.17 평화의집) 수정 제의"
2010년대,2018-01-15,정부 북측의 「남북고위급회담」 실무회담 수정 제의에 동의
2010년대,2018-01-16,"정부, 평창동계올림픽 북한 참가 관련 정부합동지원단 발족"
2010년대,2018-01-17,「남북고위급회담」 실무회담 개최(판문점 남측지역 평화의집)
2010년대,2018-01-19,"北, 우리측에 예술단 파견을 위한 사전 점검단 방남(1.20~21) 통지"
2010년대,2018-01-19,"정부, 北 예술단 파견을 위한 사전 점검단 방남(1.20~21) 동의"
2010년대,2018-01-19,"정부, 북측에 금강산 문화행사 및 마식령스키장 공동훈련 관련 선발대 파견(1.23~25) 통지"
2010년대,2018-01-19,"22시경 北, 우리측에 예술단 파견을 위한 사전 점검단 방남 중지 통지"
2010년대,2018-01-20,"정부, 방남 중지에 대한 유감 표명 및 북측에 예술단 사전 점검단 파견 중지 사유를 알려줄 것을 요청"
2010년대,2018-01-20,"IOC, 바흐 위원장 주재 남북 NOC 및 평창올림픽조직위 4자 협의 개최 및 북한 평창올림픽 참가 최종 승인"
2010년대,2018-01-21,"北, 우리측의 금강산 문화행사 및 마식령스키장 공동훈련 관련 선발대 파견(1.23~25) 동의"
2010년대,2018-01-21,"北, 우리측에 평창 올림픽 참가 관련 선발대 파견(1.25~27) 통지"
2010년대,2018-01-21,"정부, 북측의 평창 올림픽 참가 관련 선발대 파견(1.25~27) 동의"
2010년대,2018-01-21,"北, 예술단 사전 점검단 파견(~22) - 현송월 삼지연관현악단 단장 등 7명, 경의선 육로로 방남"
2010년대,2018-01-22,"대통령, ""남북대화 분위기가 언제까지 지속될지 낙관할 수 없는 상황에서 평창올림픽 이후까지 잘 살려가는 지혜, 노력 필요"" 언급"
2010년대,2018-01-23,"정부, 금강산 문화행사 및 마식령스키장 공동훈련 관련 선발대 北 파견(~25)"
2010년대,2018-01-24,"北, 한미연합훈련 및 전략자산 전개 중단 요구(정부, 정당, 단체 연합회의)"
2010년대,2018-01-25,"北, 평창올림픽 사전점검단(~27) 및 女아이스하키 선수단 경의선 육로로 파견"
2010년대,2018-01-29,"北, 금강산 남북 합동문화공연(2.4 예정) 취소 통보 - 우리측 언론들이 북한의 ‘진정 어린 조치’들을 모독하면서, 북한 ‘내부의 경축행사까지 비난’해 나선 만큼 행사를 ‘취소하지 않을 수 없다’고 언급"
2010년대,2018-01-30,"정부, 北 금강산 문화행사 취소 통보(1.29)에 대한 유감 입장을 북측에 통보"
2010년대,2018-01-31,"남북, 마식령스키장 공동훈련(~2.1)"
2010년대,2018-01-31,"北, 금강산 합동문화공연 취소 원인은 ‘남측 보수세력’ 등의 ‘동족대결 망동’이라고 주장(조선신보)"
2010년대,2018-01-31,"北, 제2차 한미 고위급 확장억제전략회의체 회의(1.17)를 비난하며 남북관계 개선의 불씨를 꺼버릴 수 있다고 위협(조선중앙통신)"
2010년대,2018-02-01,北 원길우 체육성 부상 등 선수단 32명 방남(원산 갈마공항-&gt;양양공항)
2010년대,2018-02-02,"대통령, ""평창올림픽을 계기로 한 남북대화 개선의 모맨텀이 향후 지속돼 한반도 평화정착에 기여하길 희망, 美 펜스 부통령 방한이 이를 위한 중요한 전기가 되길 바람"""
2010년대,2018-02-04,"北, 평창올림픽 참석 고위급 대표단으로 단장 김영남 최고인민회의 상임위원장 외 단원 3명, 지원인원 18명 등 2.9~11 방남할 예정이라고 통보"
2010년대,2018-02-04,"北 장웅 IOC 위원, IOC 총회 및 평창올림픽 참가차 방남"
2010년대,2018-02-04,"남북 女아이스하키 단일팀, 평가전(對 스웨덴) 3:1 패배(인천 선학국제빙상장)"
2010년대,2018-02-05,北 예술단 선발대 23명 방남(경의선 육로 이용)
2010년대,2018-02-06,北 현송월 삼지연관현악단 단장 등 예술단 본진 114명 방남(만경봉-92호 이용)
2010년대,2018-02-07,"北 김일국 체육상 등 민족올리픽위원회(NOC) 관계자, 응원단, 태권도시범단, 기자단 등 280명 방남(경의선 육로 이용)"
2010년대,2018-02-07,"北, 2.9~11 방남 예정인 고위급 대표단 명단 총 23명 통보"
2010년대,2018-02-07,"국회, ‘2018 평창동계올림픽대회 및 동계패럴림픽대회의 성공적 개최와 올림픽 정신 구현을 위한 국회 특별 결의문’ 채택"
2010년대,2018-02-08,평창동계올림픽 北 선수단 입촌식
2010년대,2018-02-08,조총련 응원단(170여명) 입국 시작(1~3차로 나누어 각각 4박5일 일정 방문)
2010년대,2018-02-08,"北, 軍 창건 70주년 기념 열병식 진행 및 녹화중계"
2010년대,2018-02-08,"北 예술단(삼지연관현악단) 강릉 공연(20시, 강릉아트센터)"
2010년대,2018-02-09,"개성만월대 평창특별전 개막(평창 상지대관령고, 2.9~3.18동안 전시)"
2010년대,2018-02-09,"北 평창올림픽 고위급 대표단(22명) 방남(北 전용기 이용, 인천공항 도착)"
2010년대,2018-02-09,"北 김영남 최고인민회의 상임위원장, 대통령 주최 평창올림픽 개회식 사전 리셉션 참석"
2010년대,2018-02-09,"남북 태권도시범단 합동공연(개회식 식전행사, 평창 올림픽 스타디움)"
2010년대,2018-02-09,"남북 선수단, 평창 동계올림픽 개회식 동시 입장"
2010년대,2018-02-10,남북 태권도시범단 합동공연(속초 강원진로교육원)
2010년대,2018-02-11,"北 예술단(삼지연관현악단) 서울 공연(19시, 국립극장)"
2010년대,2018-02-11,"北 고위급 대표단 귀환(北 전용기 이용, 인천공항 출발)"
2010년대,2018-02-12,北 예술단(삼지연관현악단) 귀환(경의선 육로)
2010년대,2018-02-12,남북 태권도시범단 합동공연(서울시청)
2010년대,2018-02-14,北 태권도시범단 귀환(경의선 육로 이용)
2010년대,2018-02-14,남북 태권도시범단 합동공연(MBC 상암홀)
2010년대,2018-02-18,"北 장웅 IOC 위원, 출국"
2010년대,2018-02-22,"北, 평창올림픽 폐회식 참가 고위급 대표단 총8명 2.25~27 파견 계획 통보"
2010년대,2018-02-25,"北, 평창올림픽 폐회식 참가 고위급 대표단 8명(단장 김영철 당 중앙위 부위원장) 방남(경의선 육로 이용)"
2010년대,2018-02-25,"대통령, 평창 동계올림픽 폐회식 참석"
2010년대,2018-02-26,"北 NOC 대표단, 선수단, 응원단, 기자단 등 299명 귀환(경의선 육로 이용)"
2010년대,2018-02-27,北 고위급 대표단 귀환(경의선 육로 이용)
2010년대,2018-02-27,「평창 동계패럴림픽대회」 실무회담 개최(판문점 북측지역 통일각)
2010년대,2018-03-01,"대통령, 美 트럼프 대통령에게 조만간 대북특사 파견 의사를 전달(한미 정상간 통화)"
2010년대,2018-03-04,北 패럴림픽 참가 선수단 및 대표단 24명 명단 통보
2010년대,2018-03-04,"청와대, 대북특별사절단 방북 계획 발표"
2010년대,2018-03-05,"대통령 대북특별사절단, 평양 방문(~3.6, 서해 직항로 이용)"
2010년대,2018-03-07,北 패럴림픽 참가 선수단 및 대표단 24명 방남(경의선 육로 이용)
2010년대,2018-03-08,"남북 선수, 평창 동계패럴림픽 개회식 공동 성화봉송"
2010년대,2018-03-15,北 패럴림픽 참가 선수단 및 대표단 24명 귀환(경의선 육로 이용)
2010년대,2018-03-15,"청와대, 남북정상회담 준비위원회 구성 및 운영 방안 발표"
2010년대,2018-03-16,남북정상회담 준비위원회 제1차 회의(청와대 여민1관 소회의실)
2010년대,2018-03-16,"北, 예술단 평양공연 문제 협의를 위한 실무접촉을 3.19 판문점 통일각에서 개최할 것을 제의"
2010년대,2018-03-17,"정부, 예술단 평양공연 문제 협의를 위한 실무접촉을 3.20 개최할 것을 수정 제의"
2010년대,2018-03-20,우리측 예술단 평양공연 문제 협의를 위한 실무접촉 개최(판문점 북측지역 통일각)
2010년대,2018-03-21,남북정상회담 준비위원회 제2차 회의(청와대)
2010년대,2018-03-22,"예술단 평양 공연을 위한 사전 점검단 방북(~24, 베이징 경유 항공편 이용)"
2010년대,2018-03-29,「2018 남북정상회담을 위한 남북고위급회담」 개최(판문점 북측지역 통일각)
2010년대,2018-03-29,"예술단, 태권도시범단 평양공연 선발대 66명 방북(서해직항로 이용)"
2010년대,2018-03-29,"한은경 부회장 등 北 축구협회 관계자 4명, 동아시아축구연맹(EAFF) 집행위원회 총회(3.30, 부산) 참석차 방남(~31)"
2010년대,2018-03-30,남북정상회담 준비위원회 제3차 회의(청와대)
2010년대,2018-03-31,"예술단, 태권도시범단 평양공연 본진 120명 방북(서해직항로 이용)"
2010년대,2018-04-01,우리 태권도시범단 단독공연(평양 태권도전당)
2010년대,2018-04-01,우리 예술단 단독공연(동평양대극장)
2010년대,2018-04-02,남북 태권도시범단 합동공연(평양대극장)
2010년대,2018-04-03,남북 예술단 합동공연(평양 류경정주영체육관)
2010년대,2018-04-05,남북정상회담 준비위원회. 제4차 회의(청와대)
2010년대,2018-04-05,"「2018 남북정상회담을 위한 제1차 의전,경호,보도 실무회담」 개최(판문점 우리측 지역 평화의집)"
2010년대,2018-04-07,「2018 남북정상회담을 위한 제1차 통신 실무회담」 개최(판문점 북측 지역 통일각)
2010년대,2018-04-11,남북정상회담 준비위원회 제5차 회의(청와대)
2010년대,2018-04-14,「2018 남북정상회담을 위한 제2차 통신 실무회담」 개최(판문점 북측 지역 통일각)
2010년대,2018-04-17,「2018 남북정상회담」 국민과 함께하는 온라인 플랫폼 오픈
2010년대,2018-04-18,"「2018 남북정상회담을 위한 제2차 의전,경호,보도 실무회담」 개최(판문점 북측 지역 통일각)"
2010년대,2018-04-19,남북정상회담 준비위원회 제6차 회의(청와대)
2010년대,2018-04-23,"軍, 남북정상회담 계기 군사적 긴장 완화 및 평화로운 회담 분위기 조성을 위해 4.23 0시부로 군사분계선 일대 대북 확성기 방송 중단 발표"
2010년대,2018-04-23,"「2018 남북정상회담을 위한 제3차 의전,경호,보도 실무회담」 개최(판문점 북측 지역 통일각)"
2010년대,2018-04-27,"「2018 남북정상회담」 개최 및 「한반도의 평화와 번영, 통일을 위한 판문점 선언」 채택(판문점 우리측 지역 평화의집)"
2010년대,2018-04-30,"北, 북남 표준시 통일을 위해 5.5부터 30분 앞당긴 표준시 적용 발표(최고인민회의 상임위 정령)"
2010년대,2018-05-01,"軍, 대북확성기 철거(~4)"
2010년대,2018-05-03,정부 판문점선언 이행추진위원회 1차회의 개최
2010년대,2018-05-04,"남북, 2018 탁구 세계선수권대회(스웨덴)에서 여자 단일팀 결성, 일본과 4강전 실시"
2010년대,2018-05-09,"김정은 위원장, 폼페이오 美 국무장관 접견(조선중앙통신, 조선중앙TV)"
2010년대,2018-05-10,"트럼프 美 대통령, 송환된 미국인 억류자 3명 공항 마중 및 북미정상회담 6.12 싱가포르 개최 발표"
2010년대,2018-05-12,"北, 5.23~25 북부 핵실험장 폐기 계획 발표(외무성 공보)"
2010년대,2018-05-15,"北, 5.23~25 진행되는 북부 핵실험장 폐기의식에 남측 1개 통신사, 1개 방송사의 기자를 각각 4명씩 초청한다고 통지"
2010년대,2018-05-23,"우리 기자단(MBC, 뉴스1 각각 4명), 정부 수송기를 이용하여 방북(성남-&gt;원산)"
2010년대,2018-05-24,"北, 함경북도 길주군 풍계리 핵실험장 폐기, 국제 기자단에 공개"
2010년대,2018-05-26,2018 제2차 남북정상회담(판문점 북측 지역 통일각)
2010년대,2018-05-30,"北 김영철 국무위원회 부위원장, 미국 방문(~6.2)"
2010년대,2018-06-01,「판문점선언」 이행을 위한 남북고위급회담 진행(판문점 우리측 지역 평화의집)
2010년대,2018-06-07,"국제철도협력기구(OSJD), 우리나라의 정회원 가입 결정 - 북한의 찬성표 행사로 가입 조건인 ‘기존 회원국의 만장일치 찬성’ 충족"
2010년대,2018-06-08,"남북공동연락사무소 추진단(단장 천해성 통일부차관 외 14명), 시설점검차 개성공단 방문"
2010년대,2018-06-11,"정부, 이산가족 대상 전면적 생사확인, 고향방문 및 영상편지 수요조사 실시(~8.10)"
2010년대,2018-06-12,북미정상회담 개최(싱가포르 센토사 섬)
2010년대,2018-06-14,남북장성급군사회담 개최(판문점 북측 지역 통일각)
2010년대,2018-06-18,남북체육회담 개최(판문점 남측 지역 평화의집)
2010년대,2018-06-19,"정부, 남북공동연락사무소 보수공사 준비인력을 개성공단에 출퇴근 형식으로 파견(~22)"
2010년대,2018-06-22,남북적십자회담 개최(금강산)
2010년대,2018-06-25,"남북, 분과회담 개최 일정에 합의(판문점 연락채널)"
2010년대,2018-06-25,"남북, 동,서해지구 군통신선 복구를 위한 「남북 통신실무접촉」 개최(경의선 남북출입사무소)"
2010년대,2018-06-26,남북 철도협력 분과회담 개최(판문점 남측 지역 평화의집)
2010년대,2018-06-27,"정부, 이산가족 상봉행사 준비를 위한 시설점검단 금강산 파견(~29)"
2010년대,2018-06-28,남북 도로협력 분과회담 개최(판문점 북측 지역 통일각)
2010년대,2018-06-28,"남·북·아시아올림픽평의회(OCA)·아시안게임조직위원회, 2018 아시안게임 3개 종목(카누, 조정, 여자농구)에서 남북 단일팀 구성 합의(인도네시아 자카르타)"
2010년대,2018-07-01,"남북, 서해 해상 ‘국제상선공통망’운용 정상화"
2010년대,2018-07-02,"정부, 남북공동연락사무소 개설을 위한 개보수 공사 개시"
2010년대,2018-07-03,"남북통일농구경기대회(~6, 평양)"
2010년대,2018-07-03,"남북, 판문점에서 「2018년 8.15 계기 이산가족 상봉」 후보자(우리측 250명, 북측 200명) 생사확인 의뢰서 교환"
2010년대,2018-07-04,남북산림협력 분과회담(판문점 남측 지역 평화의집)
2010년대,2018-07-06,폼페이오 美 국무장관 방북(~7)
2010년대,2018-07-09,"정부, 이산가족면회소 개보수 공사 시작"
2010년대,2018-07-12,"트럼프 美 대통령, 북미간 아주 큰 진전이 이뤄지고 있다고 언급하면서 김정은 위원장의 7.6일자 친서 공개(트위터)"
2010년대,2018-07-14,남·북·러 공동세미나(北 나선시) - 세미나 참석차 송영길 북방경제협력위원장 등 11명 방북(7.13~14)
2010년대,2018-07-15,"북미, 미군 유해송환 장성급회담 개최(판문점)"
2010년대,2018-07-15,"北 선수단, 국제탁구연맹(ITTF) 투어대회인 ‘코리아오픈(7.17~22, 대전)’ 참가차 방남"
2010년대,2018-07-16,"북미, 미군 유해송환 실무회담 개최(판문점)"
2010년대,2018-07-16,서해 군통신선 완전 복구
2010년대,2018-07-16,김홍걸 민화협 대표상임의장 등 5명 방북(~19)
2010년대,2018-07-19,판문점선언 이행추진위원회 제3차 회의
2010년대,2018-07-20,"남북, 동해선 북측 연결구간(금강산청년역-군사분계선) 공동점검 및 실무협의"
2010년대,2018-07-24,"남북, 경의선 북측 연결구간(개성역-군사분계선) 공동점검 및 「남북 철도 공동연구조사단 제1차 회의」 개최"
2010년대,2018-07-27,"北, 미군 유해 55구 송환(원산)"
2010년대,2018-07-29,"아시아경기대회 단일팀 참가 종목(카누, 조정, 농구) 북한 선수단 34명 방남"
2010년대,2018-07-31,제9차 남북장성급군사회담 개최(판문점 남측 지역 평화의집)
2010년대,2018-08-01,"트럼프 美 대통령, 김정은 위원장의 천서를 받은 사실을 공개(트위터)"
2010년대,2018-08-01,"통일부 차관, 금강산 이산가족 상봉 시설 개보수 현장 방문"
2010년대,2018-08-04,"남북, 8.15계기 이산가족 상봉행사 최종 상봉 대상자 명단 교환"
2010년대,2018-08-09,남북철도공동연구조사단 제2차 회의(경의선 남북출입사무소)
2010년대,2018-08-10,국제유소년축구대회 참석인원 방북(~19)
2010년대,2018-08-10,"北 노동자 축구대표단 방남(~12, 서울)"
2010년대,2018-08-13,제4차 남북고위급회담 개최(판문점 북측 지역 통일각)
2010년대,2018-08-18,"남북, 아시안게임 개회식 공동입장(인도네시아 자카르타)"
2010년대,2018-08-20,"제21차 이산가족 상봉행사(~26, 금강산)"
2010년대,2018-08-22,"남북, 8.15 73주년 기념 「범민족 평화포럼」 참가(~24, 중국 선양)"
2010년대,2018-09-05,"대통령 특사단 방북, 김정은 국무위원장과 면담 및 대통령 친서 전달"
2010년대,2018-09-11,"정부, 「판문점선언」 비준 동의안 국무회의 의결 및 국회 제출"
2010년대,2018-09-13,남북 군사실무회담 개최(판문점 북측 지역 통일각)
2010년대,2018-09-14,남북공동연락사무소 개소(개성)
2010년대,2018-09-18,「2018 남북정상회담 평양」 개최
2010년대,2018-09-20,"남북, 유도 세계선수권대회 공동 출전(아제르바이잔 바투)"
2010년대,2018-10-01,"남북, JSA 및 유해발굴 시범지역 내 지뢰·폭발물 제거 작업 개시"
2010년대,2018-10-07,"폼페이오 美 국무장관, 김정은 위원장 면담 및 오찬(평양), 이후 문재인 대통령 예방(서울)"
2010년대,2018-10-12,남북군사실무접촉(판문점 JSA 군사분계선상 군정위 회의실)
2010년대,2018-10-15,9월 평양공동선언 이행을 위한 남북고위급회담 개최(판문점 평화의집)
2010년대,2018-10-22,"남북, 개성 만월대 공동발굴 재개"
2010년대,2018-10-25,"제5회 아리스포츠컵 국제유소년축구대회 北 선수단 참가차 방남(~11.3, 춘천·인제)"
2010년대,2018-10-26,남북장성급군사회담(판문점 북측 지역 통일각)
2010년대,2018-10-30,"세계태권도연맹(WT) 총재단 및 시범단, 태권도 시범공연차 방북(~11.3, 평양)"
2010년대,2018-11-18,금강산관광 20주년 기념행사(금강산)
2010년대,2018-12-08,"남북, 동해선 철도 현지조사 실시"
2010년대,2018-12-30,"北 김정은 위원장, 문재인 대통령에게 친서 전달"
2010년대,2019-01-10,"남북단일팀, 제26회 세계남자핸드볼선수권대회 참가"
2010년대,2019-01-19,남·북·미 실무협의(스웨덴)
2010년대,2019-02-08,"현대아산, 창립 20주년 기념행사 개최(금강산)"
2010년대,2019-02-27,제2차 북미정상회담(베이남 하노이)
2010년대,2019-03-22,"北, 남북공동연락사무소 철수"
2010년대,2019-03-25,"北, 남북공동연락사무소 일부인원 복귀 및 연락대표 협의 재개"
2010년대,2019-04-03,국내 이산가족 화상상봉자 13개소 개보수 시작
2010년대,2019-04-30,우리측 지역 이산가족 화상상봉장 13개소 개보수 완료
2010년대,2019-06-07,남북공동연락사무소 남측 소장에 서호 통일부차관 임명
2010년대,2019-06-11,이희호 여사 서거 관련 장례위원회 위원장 명의 부고문 전달
2010년대,2019-06-12,"김여정 조선노동당 제1부부장, 이희호 여사 유가족 측에 김정은 위원장 조의문·조화 전달"
2010년대,2019-06-30,남·북·미 회동(판문점 자유의집)
2010년대,2019-07-06,"류미영 前 천도교청우당 중앙위원회 위원장 子 최인국 선생 평양 도착(7.7, 우리민족끼리)"
2020년대,2020-01-21,"국무회의, ‘2032 서울·평양 올림픽 공동유치’ 의결"
2020년대,2020-01-22,"통일부 장관, ‘제36회 망향경모제’ 참석"
2020년대,2020-01-30,"금강산국제관광국, 금강산 관련 통일부 앞 통지문 전달 - ""바이러스 전염 위험을 방지하기 위해 귀측의 금강산지구 시설철거 일정을 당분간 연기하기로 함"""
2020년대,2020-01-30,"남북, 연락대표 협의를 통해 신종 코로나바이러스 위험이 완전히 해소될 때까지 남북공동연락사무소 잠정 중단"
2020년대,2020-06-09,연락사무소 등 남북간 통신선 연결 불통
2020년대,2020-06-16,"北, 개성 남북공동연락사무소 폭파"
2020년대,2020-11-04,판문점 견학 재개 및 판문점 견학지원센터 개소
2020년대,2020-11-28,‘디엠지(DMZ) 평화의 길’ 파주구간 재개
2020년대,2020-12-15,코로나19 방역 강화를 위해 판문점 견학 잠정 중단
2020년대,2021-04-05,"北 올림픽위원회 총회(3.25)에서 도쿄올림픽 불참 결정(4.6, 체육성 홈페이지 「조선체육」)"
2020년대,2021-04-06,「2021년 이산가족 실태조사」 착수
2020년대,2021-05-16,2022 카타르 월드컵 2차 예선전 北 불참 최종 확인(아시아축구연맹(AFC) 홈페이지)
2020년대,2021-06-24,"화살머리고지 우리 측 지역 유해발굴('19.4.1~'21.6.24) 종료, 424구 발굴"
2020년대,2021-07-13,"北, 유엔 고위급 정치포럼(HLPF)에서 '자발적 국가별 검토보고서(VNR)' 발표(현지시간)"
2020년대,2021-07-27,남북 간 통신 연락선 복원(청와대 국민소통수석 브리핑)
2020년대,2021-07-27,"北, 통신연락선 복원 보도(중통)"
2020년대,2021-07-29,"우리 측, 영상회담 시스템 구축 대북 제안"
2020년대,2021-08-10,"北, 남북통신연락선(남북공동연락사무소, 군통신선) 미응답"
2020년대,2021-09-08,"IOC집행위원회, 북한 올림픽위원회 자격을 '22년말까지 정지(현지 시간)"
2020년대,2021-09-17,남북 유엔 동시 가입 30주년
2020년대,2021-10-04,"北, 09시부터 모든 남북통신연락선 복원 발표(조동, 중통)"
2020년대,2021-10-28,"대통령, G20 정상회의 계기 유럽 순방, 프란치스코 교황 예방(10.29, 로마, 현지시간)-교황님 북한 방문 요청"
2020년대,2021-11-17,"유엔총회 제3위원회, 북한인권결의안 채택(현지시간)"
2020년대,2021-11-20,'DMZ 평화의 길' 7개 테마 노선 우선 개방
2020년대,2021-11-30,판문점 견학 재개
2020년대,2021-12-06,"유엔총회, 북한 핵, 미사일 관련 결의안 3건 채택(현지시간) △'핵무기 없는 세상을 향한 공동 행동과 미래지향 대화 결의안' △'핵무기 없는 세계를 향한 결의안' △'포괄적핵실험금지조약(CTBT) 결의안' 채택"
2020년대,2021-12-16,"유엔총회 본회의, 북한인권결의안 채택(현지시간)"
