개최회담명,개최회담수,개최방문수,회담시작일,회담종료일
남북적십자 파견원 제1차 접촉,1,1,1971-08-20,1971-08-20
남북적십자 제1차 예비회담,1,1,1971-09-20,1971-09-20
남북적십자 의제문안 제1차 실무회의,1,1,1972-02-21,1972-02-21
남북적십자 진행절차 제1차 실무회의,1,1,1972-07-27,1972-07-27
제1차 남북적십자회담 본회담,1,1,1972-08-29,1972-09-02
남북조절위원회 제1차 공동위원장회의,1,1,1972-10-12,1972-10-12
남북조절위원회 제1차 본회담,1,1,1972-11-30,1972-12-02
남북조절위원회 제1차 간사회의,1,1,1973-03-10,1973-03-10
남북적십자 제1차 실무대표접촉,1,1,1973-11-28,1973-11-28
남북조절위원회 제1차 부위원장회의,1,1,1973-12-05,1973-12-05
남북적십자 제1차 실무회의,1,1,1974-07-10,1974-07-10
변칙대좌 제1차,1,1,1979-02-17,1979-02-17
남북탁구협회 제1차 회의,1,1,1979-02-27,1979-02-27
남북총리회담을 위한 제1차 실무대표접촉,1,1,1980-02-06,1980-02-06
LA올림픽 단일팀 구성 관련 제1차 남북체육회담,1,1,1984-04-09,1984-04-09
수해물자 인도·인수 관련 남북적십자 실무접촉,1,1,1984-09-18,1984-09-18
제1차 남북경제회담,1,1,1984-11-15,1984-11-15
남북적십자 본회담 재개를 위한 예비접촉,1,1,1984-11-20,1984-11-20
제1차 고향방문 및 예술공연단 교환 관련 제1차 실무대표접촉,1,1,1985-07-15,1985-07-15
남북국회회담 제1차 예비접촉,1,1,1985-07-23,1985-07-23
제2차 고향방문 및 예술공연단 교환 관련 제1차 실무대표접촉,1,1,1989-09-27,1989-09-27
서울올림픽 관련 IOC중재 제1차 남북체육회담,1,1,1985-10-09,1985-10-10
남북국회회담 제1차 준비접촉,1,1,1988-08-19,1988-08-19
남북국회회담 준비접촉 수석대표단독접촉,1,1,1988-08-24,1988-08-24
남북고위급회담 제1차 예비회담,1,1,1989-02-08,1989-02-08
90북경 아시아 경기대회 단일팀 구성·참가 관련 제1차 남북체육회담 본회담,1,1,1989-03-09,1989-03-09
90북경 아시아 경기대회 단일팀 구성·참가 관련 제1차 실무대표접촉,1,1,1989-12-01,1989-12-01
제2차 고향방문 및 예술공연단 교환 관련 제1차 실무대표접촉(수석대표단독,1,1,1989-12-04,1989-12-04
남북고위급회담 예비회담 제1차 실무대표접촉,1,1,1990-07-06,1990-07-06
제1차 남북고위급회담 본회담,1,1,1990-09-04,1990-09-07
남북고위급회담 UN가입 관련 제1차 실무대표접촉,1,1,1990-09-18,1990-09-18
제3차 남북고위급회담 개최를 위한 제1차 실무대표접촉,1,1,1990-11-21,1990-11-21
국제경기 단일팀 구성·참가위한 제1차 남북체육회담,1,1,1990-11-29,1990-11-29
국제경기 단일팀 구성·참가위한 제1차 탁구단일팀 실무위원회,1,1,1991-02-21,1991-02-21
국제경기 단일팀 구성·참가위한 제1차 축구단일팀 실무위원회,1,1,1991-02-22,1991-02-22
제4차 남북고위급회담 준비를 위한 제1차 실무대표접촉,1,1,1991-08-05,1991-08-05
남북고위급회담 단일합의서 문안정리를 위한 제1차 대표접촉,1,1,1991-11-11,1991-11-11
남북고위급회담 핵문제협의를 위한 제1차 대표접촉,1,1,1991-12-26,1991-12-26
남북고위급회담 비핵화공동선언 문본교환을 위한 제1차 대표접촉,1,1,1992-01-14,1992-01-14
남북고위급회담 분과위원회 구성·운영문제 협의를 위한 제1차 대표접촉,1,1,1992-01-23,1992-01-23
남북고위급회담 남북핵통제공동위원회 구성·운영문제 협의를 위한 제1차 대표접촉,1,1,1992-02-19,1992-02-19
남북고위급회담 정치분과위원회 제1차 회의,1,1,1992-03-09,1992-03-09
남북고위급회담 군사분과위원회 제1차 회의,1,1,1992-03-13,1992-03-13
남북고위급회담 교류·협력분과위원회 제1차 회의,1,1,1992-03-18,1992-03-18
남북고위급회담 핵통제공동위원회 제1차 회의,1,1,1992-03-19,1992-03-19
남북고위급회담 교류·협력분과위원회 제1차 위원접촉,1,1,1992-03-25,1992-03-25
남북고위급회담 정치분과위원회 제1차 위원접촉,1,1,1992-04-29,1992-04-29
남북고위급회담 핵통제공동위원회 제1차 위원접촉,1,1,1992-05-15,1992-05-15
이산가족 노부모방문단 및 예술단 교환 관련 제1차 적십자실무대표접촉,1,1,1992-06-05,1992-06-05
남북고위급회담 정치분과위원회 제1차 위원장접촉,1,1,1992-07-10,1992-07-10
남북고위급회담 군사분과위원회 위원장접촉,1,1,1992-07-23,1992-07-23
남북고위급회담 군사분과위원회 제1차 위원접촉,1,1,1992-08-03,1992-08-03
남북고위급회담 교류·협력분과위원회 위원장접촉,1,1,1992-09-07,1992-09-07
남북고위급회담 이인모문제와 이산가족면회소설치문제 협의 제1차 대표접촉,1,1,1992-10-01,1992-10-01
남북고위급회담 남북군사직통전화 설치·운영을 위한 통신실무자접촉,1,1,1992-10-28,1992-10-28
남북고위급회담 핵통제공동위원회 위원장접촉,1,1,1993-01-25,1993-01-25
특사교환을 위한 제1차 실무대표접촉,1,1,1993-10-05,1993-10-05
1994년 남북정상회담 예비접촉,1,1,1994-06-28,1994-06-28
1994년 남북정상회담 실무절차 협의를 위한 제1차 대표접촉,1,1,1994-07-01,1994-07-01
1994년 남북정상회담 개최를 위한 통신실무자접촉,1,1,1994-07-07,1994-07-07
1994년 남북정상회담 개최를 위한 경호실무자접촉,1,1,1994-07-08,1994-07-08
대북 쌀지원을 위한 제1차 북경회담,1,1,1995-06-17,1995-06-21
4자회담 공동설명회,1,1,1997-03-05,1997-03-05
4자회담 공동설명회 후속협의,1,1,1997-04-16,1997-04-21
대북 구호물자 전달을 위한 제1차 남북적십자 대표접촉,1,1,1997-05-03,1997-05-05
4자회담 차관보급 3자협의,1,1,1997-06-30,1997-06-30
4자회담 제1차 예비회담,1,1,1997-08-05,1997-08-07
제1차 4자회담 본회담,1,1,1997-12-09,1997-12-10
남북당국대표회담을 위한 비공개접촉,1,1,1998-03-28,1998-03-30
남북당국대표회담,1,1,1998-04-11,1998-04-17
북경 남북비공개 제1차 접촉,1,1,1999-05-12,1999-05-14
제1차 남북 차관급당국회담,1,1,1999-06-22,1999-06-26
2000 남북정상회담 개최 관련 제1차 남북특사접촉,1,1,2000-03-09,2000-03-11
2000 남북정상회담 개최를 위한 제1차 준비접촉,1,1,2000-04-22,2000-04-22
2000 남북정상회담 관련 제1차 통신·보도 실무협의접촉,1,1,2000-05-13,2000-05-13
2000 남북정상회담 관련 경호·의전 실무협의접촉,1,1,2000-05-16,2000-05-16
2000 남북정상회담,1,1,2000-06-13,2000-06-15
제1차 남북적십자회담(남북공동선언 이행을 위한),1,1,2000-06-27,2000-06-30
제1차 남북장관급회담,1,1,2000-07-29,2000-07-31
특사(김용순) 방남,1,1,2000-09-11,2000-09-14
남북경제협력 제1차 실무접촉,1,1,2000-09-25,2000-09-26
제1차 남북국방장관회담,1,1,2000-09-25,2000-09-26
제1차 남북군사실무회담,1,1,2000-11-28,2000-11-28
남북경제협력추진위원회 제1차 회의,1,1,2000-12-27,2000-12-30
남북전력협력 실무협의회,1,1,2001-02-07,2001-02-10
남북임진강수해방지 실무협의회 제1차 회의,1,1,2001-02-21,2001-02-24
금강산관광 제1차 남북당국간회담,1,1,2001-10-03,2001-10-05
대통령특사(임동원) 제1차 방북,1,1,2002-04-03,2002-04-05
제7차 남북장관급회담 준비를 위한 실무대표접촉,1,1,2002-08-02,2002-08-04
부산아시아경기대회 참가를 위한 제1차 실무접촉,1,1,2002-08-17,2002-08-19
남북철도·도로연결 실무협의회 제1차 회의,1,1,2002-09-13,2002-09-17
남북임남댐공동조사 실무접촉,1,1,2002-09-16,2002-09-18
남북철도·도로연결 제1차 실무접촉,1,1,2002-10-12,2002-10-14
개성공단건설 실무협의회 제1차 회의,1,1,2002-10-30,2002-11-02
제1차 남북적십자 실무접촉,1,1,2002-10-31,2002-11-02
남북해운협력 제1차 실무접촉,1,1,2002-11-18,2002-11-20
개성공단건설 제1차 실무접촉,1,1,2002-12-06,2002-12-08
남북경제협력제도 실무협의회 제1차 회의,1,1,2002-12-11,2002-12-13
금강산면회소건설추진단 제1차 회의,1,1,2003-02-13,2003-02-15
대구 하계U대회 실무접촉,1,1,2003-07-04,2003-07-06
금강산면회소건설 제1차 비공개접촉,1,1,2003-09-05,2003-09-07
남북원산지확인 실무협의회,1,1,2003-12-17,2003-12-20
남북청산결제 실무협의 제1차 회의,1,1,2003-12-17,2003-12-20
남북경제협력제도 실무접촉,1,1,2004-01-27,2004-01-29
용천재난구호 남북간 실무접촉,1,1,2004-04-27,2004-04-27
남북청산결제 거래를 위한 제1차 은행간 실무접촉,1,1,2004-05-18,2004-05-19
제1차 남북장성급군사회담,1,1,2004-05-26,2004-05-26
아테네올림픽 공동입장을 위한 실무접촉,1,1,2004-06-23,2004-06-25
북한조류인플루엔자 관련 남북실무접촉,1,1,2005-04-22,2005-04-22
장관급회담 재개를 위한 남북차관급회담,1,1,2005-05-16,2005-05-19
2005년 6.15 남북당국공동행사 제1차 실무접촉,1,1,2005-05-24,2005-05-24
2005년 6.15 남북당국공동행사,1,1,2005-06-14,2005-06-17
이산가족 화상상봉 관련 제1차 실무접촉,1,1,2005-07-12,2005-07-13
2005년 8.15 남북당국공동행사 제1차 실무접촉,1,1,2005-07-22,2005-07-22
남북수산협력 실무협의회,1,1,2005-07-25,2005-07-27
2005년 8.15 남북통일축구경기 제1차 실무접촉,1,1,2005-07-26,2005-07-26
2005년 8.15 남북당국공동행사,1,1,2005-08-14,2005-08-17
남북농업협력위원회 회의,1,1,2005-08-18,2005-08-19
남북 경공업 및 지하자원개발 제1차 실무협의,1,1,2005-08-24,2005-08-27
안중근의사 유해공동발굴 및 봉환을 위한 제1차 실무접촉,1,1,2005-09-07,2005-09-07
남북해운협력 실무협의회,1,1,2005-09-29,2005-09-30
남북경제협력추진협의회 제11차 회의 관련 제1차 위원급 준비접촉,1,1,2005-10-20,2005-10-21
남북경제협력추진위원회 제1차 위원급 실무접촉,1,1,2005-11-23,2005-11-24
남북단일팀 구성을 위한 제1차 남북체육회담,1,1,2005-12-07,2005-12-07
김대중 전 대통령 방북 관련 제1차 실무접촉,1,1,2006-05-16,2006-05-17
2006년 6.15 남북당국공동행사 실무접촉,1,1,2006-05-23,2006-05-23
2006년 6.15 남북당국공동행사,1,1,2006-06-14,2006-06-17
남북임진강수해방지 실무접촉,1,1,2006-06-26,2006-06-27
대북 수해복구지원 관련 남북적십자 실무접촉,1,1,2006-08-19,2006-08-19
제20차 남북장관급회담 개최를 위한 실무대표접촉,1,1,2007-02-15,2007-02-15
북한구제역 방역지원을 위한 남북실무접촉,1,1,2007-03-30,2007-03-30
북한 산림병충해방제 지원을 위한 남북실무접촉,1,1,2007-05-08,2007-05-08
남북 경공업 및 지하자원개발 협력 이행기구 제1차 실무협의,1,1,2007-06-07,2007-06-08
중유 5만톤 제공을 위한 남북실무접촉,1,1,2007-06-29,2007-06-30
2007 남북정상회담 개최 관련 제1차 남북특사접촉,1,1,2007-08-02,2007-08-03
2007 남북정상회담 준비접촉,1,1,2007-08-14,2007-08-14
2007 남북정상회담 관련 분야별 제1차 실무접촉,1,1,2007-08-14,2007-08-14
남북총리회담 제1차 예비접촉,1,1,2007-10-26,2007-10-26
제1차 남북농업협력 실무접촉,1,1,2007-11-05,2007-11-05
남북총리회담,1,1,2007-11-14,2007-11-16
남북철도협력분과위원회 실무접촉,1,1,2007-11-20,2007-11-21
남북도로협력분과위원회 실무접촉,1,1,2007-11-28,2007-11-29
남북철도운영공동위원회 회의,1,1,2007-12-01,2007-12-01
남북경제협력공동위원회 회의,1,1,2007-12-04,2007-12-06
남북농수산협력분과위원회 회의,1,1,2007-12-14,2007-12-15
남북기상협력 실무접촉,1,1,2007-12-17,2007-12-18
개성공단협력분과위원회 회의,1,1,2007-12-20,2007-12-21
남북보건의료·환경보호협력분과위원회 회의,1,1,2007-12-20,2007-12-21
금강산관광 활성화를 위한 당국간 제1차 실무접촉,1,1,2007-12-25,2007-12-25
남북조선·해운협력분과위원회 회의,1,1,2007-12-25,2007-12-28
베이징올림픽 공동응원단 경의선 열차 이용 관련 제1차 실무접촉,1,1,2007-12-28,2007-12-28
서해평화협력특별지대추진위원회 회의,1,1,2007-12-28,2007-12-29
남북철도협력분과위원회 회의,1,1,2008-01-29,2008-01-30
남북도로협력분과위원회 회의,1,1,2008-02-12,2008-02-13
개성공단 관련 남북당국간 제1차 실무회담,1,1,2009-06-11,2009-06-11
임진강 수해방지 실무회담,1,1,2009-10-14,2009-10-14
금강산·개성관광 관련 남북당국간 실무회담,1,1,2010-02-08,2010-02-08
개성공단 3통문제 해결을 위한 남북실무접촉,1,1,2010-03-02,2010-03-02
남북적십자 파견원 제2차 접촉,2,1,1971-08-26,1971-08-26
남북적십자 제2차 예비회담,2,1,1971-09-29,1971-09-29
남북적십자 의제문안 제2차 실무회의,2,1,1972-02-24,1972-02-24
남북적십자 진행절차 제2차 실무회의,2,1,1972-08-03,1972-08-03
제2차 남북적십자회담 본회담,2,1,1972-09-12,1972-09-16
남북조절위원회 제2차 공동위원장회의,2,1,1972-11-02,1972-11-04
남북조절위원회 제2차 본회담,2,1,1973-03-14,1973-03-16
남북조절위원회 제2차 간사회의,2,1,1973-04-24,1973-04-24
남북적십자 제2차 실무대표접촉,2,1,1974-02-25,1974-02-25
남북조절위원회 제2차 부위원장회의,2,1,1973-12-19,1973-12-19
남북적십자 제2차 실무회의,2,1,1974-07-24,1974-07-24
변칙대좌 제2차,2,1,1979-03-07,1979-03-07
남북탁구협회 제2차 회의,2,1,1979-03-05,1979-03-05
남북총리회담을 위한 제2차 실무대표접촉,2,1,1980-02-19,1980-02-19
LA올림픽 단일팀 구성 관련 제2차 남북체육회담,2,1,1984-04-30,1984-04-30
제2차 남북경제회담,2,1,1985-05-17,1985-05-17
제1차 고향방문 및 예술공연단 교환 관련 제2차 실무대표접촉,2,1,1985-07-19,1985-07-19
남북국회회담 제2차 예비접촉,2,1,1985-09-25,1985-09-25
제2차 고향방문 및 예술공연단 교환 관련 제2차 실무대표접촉,2,1,1989-10-06,1989-10-06
서울올림픽 관련 IOC중재 제2차 남북체육회담,2,1,1986-01-08,1986-01-09
남북국회회담 제2차 준비접촉,2,1,1988-08-20,1988-08-20
남북고위급회담 제2차 예비회담,2,1,1989-03-02,1989-03-02
90북경 아시아 경기대회 단일팀 구성·참가 관련 제2차 남북체육회담 본회담,2,1,1989-03-28,1989-03-28
90북경 아시아 경기대회 단일팀 구성·참가 관련 제2차 실무대표접촉,2,1,1989-12-06,1989-12-06
제2차 고향방문 및 예술공연단 교환 관련 제2차 실무대표접촉(수석대표단독,2,1,1990-11-07,1990-11-07
남북고위급회담 예비회담 제2차 실무대표접촉,2,1,1990-07-12,1990-07-12
제2차 남북고위급회담 본회담,2,1,1990-10-16,1990-10-19
남북고위급회담 UN가입 관련 제2차 실무대표접촉,2,1,1990-10-05,1990-10-05
제3차 남북고위급회담 개최를 위한 제2차 실무대표접촉,2,1,1990-11-27,1990-11-27
국제경기 단일팀 구성·참가위한 제2차 남북체육회담,2,1,1991-01-15,1991-01-15
국제경기 단일팀 구성·참가위한 제2차 탁구단일팀 실무위원회,2,1,1991-02-27,1991-02-27
국제경기 단일팀 구성·참가위한 제2차 축구단일팀 실무위원회,2,1,1991-02-26,1991-02-26
제4차 남북고위급회담 준비를 위한 제2차 실무대표접촉,2,1,1991-08-10,1991-08-10
남북고위급회담 단일합의서 문안정리를 위한 제2차 대표접촉,2,1,1991-11-15,1991-11-15
남북고위급회담 핵문제협의를 위한 제2차 대표접촉,2,1,1991-12-28,1991-12-28
남북고위급회담 비핵화공동선언 문본교환을 위한 제2차 대표접촉,2,1,1992-01-21,1992-01-21
남북고위급회담 분과위원회 구성·운영문제 협의를 위한 제2차 대표접촉,2,1,1992-01-29,1992-01-29
남북고위급회담 남북핵통제공동위원회 구성·운영문제 협의를 위한 제2차 대표접촉,2,1,1992-02-27,1992-02-27
남북고위급회담 정치분과위원회 제2차 회의,2,1,1992-03-27,1992-03-27
남북고위급회담 군사분과위원회 제2차 회의,2,1,1992-03-31,1992-03-31
남북고위급회담 교류·협력분과위원회 제2차 회의,2,1,1992-04-18,1992-04-18
남북고위급회담 핵통제공동위원회 제2차 회의,2,1,1992-04-01,1992-04-01
남북고위급회담 교류·협력분과위원회 제2차 위원접촉,2,1,1992-04-02,1992-04-02
남북고위급회담 정치분과위원회 제2차 위원접촉,2,1,1992-07-18,1992-07-18
남북고위급회담 핵통제공동위원회 제2차 위원접촉,2,1,1992-05-20,1992-05-20
이산가족 노부모방문단 및 예술단 교환 관련 제2차 적십자실무대표접촉,2,1,1992-06-12,1992-06-12
남북고위급회담 정치분과위원회 제2차 위원장접촉,2,1,1992-09-04,1992-09-04
남북고위급회담 군사분과위원회 제2차 위원접촉,2,1,1992-08-12,1992-08-12
남북고위급회담 이인모문제와 이산가족면회소설치문제 협의 제2차 대표접촉,2,1,1992-10-05,1992-10-05
특사교환을 위한 제2차 실무대표접촉,2,1,1993-10-15,1993-10-15
1994년 남북정상회담 실무절차 협의를 위한 제2차 대표접촉,2,1,1994-07-02,1994-07-02
대북 쌀지원을 위한 제2차 북경회담,2,1,1995-07-15,1995-07-19
대북 구호물자 전달을 위한 제2차 남북적십자 대표접촉,2,1,1997-05-23,1997-05-26
4자회담 제2차 예비회담,2,1,1997-09-18,1997-09-19
제2차 4자회담 본회담,2,1,1998-03-16,1998-03-21
북경 남북비공개 제2차 접촉,2,1,1999-05-23,1999-05-25
제2차 남북 차관급당국회담,2,1,1999-07-01,1999-07-03
2000 남북정상회담 개최 관련 제2차 남북특사접촉,2,1,2000-03-17,2000-03-17
2000 남북정상회담 개최를 위한 제2차 준비접촉,2,1,2000-04-27,2000-04-27
2000 남북정상회담 관련 제2차 통신·보도 실무협의접촉,2,1,2000-05-17,2000-05-17
2007 남북정상회담,2,1,2007-10-02,2007-10-04
제2차 남북적십자회담(남북공동선언 이행을 위한),2,1,2000-09-20,2000-09-23
제2차 남북장관급회담,2,1,2000-08-29,2000-09-01
남북경제협력 제2차 실무접촉,2,1,2000-11-08,2000-11-11
제2차 남북국방장관회담,2,1,2007-11-27,2007-11-29
제2차 남북군사실무회담,2,1,2000-12-05,2000-12-05
남북경제협력추진위원회 제2차 회의,2,1,2002-08-27,2002-08-30
남북임진강수해방지 실무협의회 제2차 회의,2,1,2002-10-30,2002-11-02
금강산관광 제2차 남북당국간회담,2,1,2002-09-10,2002-09-12
대통령특사(임동원) 제2차 방북,2,1,2003-01-27,2003-01-29
부산아시아경기대회 참가를 위한 제2차 실무접촉,2,1,2002-08-26,2002-08-28
남북철도·도로연결 실무협의회 제2차 회의,2,1,2003-01-22,2003-01-25
남북철도·도로연결 제2차 실무접촉,2,1,2002-11-18,2002-11-20
개성공단건설 실무협의회 제2차 회의,2,1,2004-06-24,2004-06-25
제2차 남북적십자 실무접촉,2,1,2002-12-15,2002-12-17
남북해운협력 제2차 실무접촉,2,1,2002-12-25,2002-12-28
개성공단건설 제2차 실무접촉,2,1,2006-06-20,2006-06-21
남북경제협력제도 실무협의회 제2차 회의,2,1,2003-07-29,2003-07-31
금강산면회소건설추진단 제2차 회의,2,1,2003-03-03,2003-03-05
금강산면회소건설 제2차 비공개접촉,2,1,2003-10-23,2003-10-25
남북청산결제 실무협의 제2차 회의,2,1,2004-01-27,2004-01-29
남북청산결제 거래를 위한 제2차 은행간 실무접촉,2,1,2004-06-24,2004-06-25
제2차 남북장성급군사회담,2,1,2004-06-03,2004-06-04
2005년 6.15 남북당국공동행사 제2차 실무접촉,2,1,2005-05-27,2005-05-27
이산가족 화상상봉 관련 제2차 실무접촉,2,1,2005-10-05,2005-10-05
2005년 8.15 남북당국공동행사 제2차 실무접촉,2,1,2005-08-02,2005-08-02
2005년 8.15 남북통일축구경기 제2차 실무접촉,2,1,2005-07-28,2005-07-28
남북 경공업 및 지하자원개발 제2차 실무협의,2,1,2007-05-02,2007-05-04
안중근의사 유해공동발굴 및 봉환을 위한 제2차 실무접촉,2,1,2005-11-22,2005-11-22
남북경제협력추진협의회 제11차 회의 관련 제2차 위원급 준비접촉,2,1,2005-10-25,2005-10-26
남북경제협력추진위원회 제2차 위원급 실무접촉,2,1,2006-01-19,2006-01-20
남북단일팀 구성을 위한 제2차 남북체육회담,2,1,2006-06-29,2006-06-29
김대중 전 대통령 방북 관련 제2차 실무접촉,2,1,2006-05-29,2006-05-29
남북 경공업 및 지하자원개발 협력 이행기구 제2차 실무협의,2,1,2007-07-05,2007-07-07
2007 남북정상회담 개최 관련 제2차 남북특사접촉,2,1,2007-08-04,2007-08-05
2007 남북정상회담 관련 분야별 제2차 실무접촉,2,1,2007-08-16,2007-08-16
남북총리회담 제2차 예비접촉,2,1,2007-11-09,2007-11-09
제2차 남북농업협력 실무접촉,2,1,2007-12-18,2007-12-18
금강산관광 활성화를 위한 당국간 제2차 실무접촉,2,1,2008-02-05,2008-02-05
베이징올림픽 공동응원단 경의선 열차 이용 관련 제2차 실무접촉,2,1,2008-02-04,2008-02-04
개성공단 관련 남북당국간 제2차 실무회담,2,1,2009-06-19,2009-06-19
남북적십자 파견원 제3차 접촉,3,1,1971-08-30,1971-08-30
남북적십자 제3차 예비회담,3,1,1971-10-06,1971-10-06
남북적십자 의제문안 제3차 실무회의,3,1,1972-02-28,1972-02-28
남북적십자 진행절차 제3차 실무회의,3,1,1972-08-09,1972-08-09
제3차 남북적십자회담 본회담,3,1,1972-10-23,1972-10-26
남북조절위원회 제3차 공동위원장회의,3,1,1972-11-30,1972-11-30
남북조절위원회 제3차 본회담,3,1,1973-06-12,1973-06-14
남북조절위원회 제3차 간사회의,3,1,1973-05-23,1973-05-23
남북적십자 제3차 실무대표접촉,3,1,1974-03-11,1974-03-11
남북조절위원회 제3차 부위원장회의,3,1,1974-01-30,1974-01-30
남북적십자 제3차 실무회의,3,1,1974-08-28,1974-08-28
변칙대좌 제3차,3,1,1979-03-14,1979-03-14
남북탁구협회 제3차 회의,3,1,1979-03-09,1979-03-09
남북총리회담을 위한 제3차 실무대표접촉,3,1,1980-03-04,1980-03-04
LA올림픽 단일팀 구성 관련 제3차 남북체육회담,3,1,1984-05-25,1984-05-25
제3차 남북경제회담,3,1,1985-06-20,1985-06-20
제1차 고향방문 및 예술공연단 교환 관련 제3차 실무대표접촉,3,1,1985-08-22,1985-08-22
제2차 고향방문 및 예술공연단 교환 관련 제3차 실무대표접촉,3,1,1989-10-16,1989-10-16
서울올림픽 관련 IOC중재 제3차 남북체육회담,3,1,1986-06-10,1986-06-11
남북국회회담 제3차 준비접촉,3,1,1988-08-22,1988-08-22
남북고위급회담 제3차 예비회담,3,1,1989-10-12,1989-10-12
90북경 아시아 경기대회 단일팀 구성·참가 관련 제3차 남북체육회담 본회담,3,1,1989-10-20,1989-10-20
90북경 아시아 경기대회 단일팀 구성·참가 관련 제3차 실무대표접촉,3,1,1989-12-15,1989-12-15
제3차 남북고위급회담 본회담,3,1,1990-12-11,1990-12-14
남북고위급회담 UN가입 관련 제3차 실무대표접촉,3,1,1990-11-09,1990-11-09
제3차 남북고위급회담 개최를 위한 제3차 실무대표접촉,3,1,1990-12-01,1990-12-01
국제경기 단일팀 구성·참가위한 제3차 남북체육회담,3,1,1991-01-30,1991-01-30
제4차 남북고위급회담 준비를 위한 제3차 실무대표접촉,3,1,1991-08-16,1991-08-16
남북고위급회담 단일합의서 문안정리를 위한 제3차 대표접촉,3,1,1991-11-20,1991-11-20
남북고위급회담 핵문제협의를 위한 제3차 대표접촉,3,1,1991-12-31,1991-12-31
남북고위급회담 분과위원회 구성·운영문제 협의를 위한 제3차 대표접촉,3,1,1992-02-07,1992-02-07
남북고위급회담 남북핵통제공동위원회 구성·운영문제 협의를 위한 제3차 대표접촉,3,1,1992-03-03,1992-03-03
남북고위급회담 정치분과위원회 제3차 회의,3,1,1992-04-23,1992-04-23
남북고위급회담 군사분과위원회 제3차 회의,3,1,1992-04-30,1992-04-30
남북고위급회담 교류·협력분과위원회 제3차 회의,3,1,1992-04-27,1992-04-27
남북고위급회담 핵통제공동위원회 제3차 회의,3,1,1992-04-21,1992-04-21
남북고위급회담 교류·협력분과위원회 제3차 위원접촉,3,1,1992-04-10,1992-04-10
남북고위급회담 정치분과위원회 제3차 위원접촉,3,1,1992-07-30,1992-07-30
남북고위급회담 핵통제공동위원회 제3차 위원접촉,3,1,1992-05-23,1992-05-23
이산가족 노부모방문단 및 예술단 교환 관련 제3차 적십자실무대표접촉,3,1,1992-06-22,1992-06-22
남북고위급회담 정치분과위원회 제3차 위원장접촉,3,1,1992-09-08,1992-09-08
남북고위급회담 군사분과위원회 제3차 위원접촉,3,1,1992-08-20,1992-08-20
특사교환을 위한 제3차 실무대표접촉,3,1,1993-10-25,1993-10-25
대북 쌀지원을 위한 제3차 북경회담,3,1,1995-09-26,1995-10-01
대북 구호물자 전달을 위한 제3차 남북적십자 대표접촉,3,1,1997-07-23,1997-07-25
4자회담 제3차 예비회담,3,1,1997-11-21,1997-11-21
제3차 4자회담 본회담,3,1,1998-10-21,1998-10-24
북경 남북비공개 제3차 접촉,3,1,1999-05-29,1999-06-03
2000 남북정상회담 개최 관련 제3차 남북특사접촉,3,1,2000-03-23,2000-03-23
2000 남북정상회담 개최를 위한 제3차 준비접촉,3,1,2000-05-03,2000-05-03
제3차 남북적십자회담(남북공동선언 이행을 위한),3,1,2001-01-29,2001-01-31
제3차 남북장관급회담,3,1,2000-09-27,2000-09-30
제3차 남북군사실무회담,3,1,2000-12-21,2000-12-21
남북경제협력추진위원회 제3차 회의,3,1,2002-11-06,2002-11-09
남북임진강수해방지 실무협의회 제3차 회의,3,1,2004-04-08,2004-04-10
대통령특사(정동영) 제3차 방북,3,1,2005-06-17,2005-06-17
남북철도·도로연결 실무협의회 제3차 회의,3,1,2003-07-02,2003-07-04
남북철도·도로연결 제3차 실무접촉,3,1,2002-12-15,2002-12-17
제3차 남북적십자 실무접촉,3,1,2003-01-20,2003-01-22
남북해운협력 제3차 실무접촉,3,1,2003-10-11,2003-10-12
개성공단건설 제3차 실무접촉,3,1,2007-06-12,2007-06-13
남북경제협력제도 실무협의회 제3차 회의,3,1,2003-10-11,2003-10-12
금강산면회소건설추진단 제3차 회의,3,1,2003-08-21,2003-08-23
남북청산결제 실무협의 제3차 회의,3,1,2004-04-20,2004-04-22
제3차 남북장성급군사회담,3,1,2006-03-02,2006-03-03
2005년 6.15 남북당국공동행사 제3차 실무접촉,3,1,2005-05-28,2005-05-28
남북 경공업 및 지하자원개발 제3차 실무협의,3,1,2007-05-22,2007-05-23
안중근의사 유해공동발굴 및 봉환을 위한 제3차 실무접촉,3,1,2006-03-20,2006-03-20
남북경제협력추진위원회 제3차 위원급 실무접촉,3,1,2006-05-03,2006-05-04
남북단일팀 구성을 위한 제3차 남북체육회담,3,1,2006-11-30,2006-12-02
남북총리회담 제3차 예비접촉,3,1,2007-11-11,2007-11-11
개성공단 관련 남북당국간 제3차 실무회담,3,1,2009-07-02,2009-07-02
남북적십자 파견원 제4차 접촉,4,1,1971-09-03,1971-09-03
남북적십자 제4차 예비회담,4,1,1971-10-13,1971-10-13
남북적십자 의제문안 제4차 실무회의,4,1,1972-03-06,1972-03-06
제4차 남북적십자회담 본회담,4,1,1972-11-22,1972-11-24
남북적십자 제4차 실무대표접촉,4,1,1974-04-03,1974-04-03
남북조절위원회 제4차 부위원장회의,4,1,1974-02-27,1974-02-27
남북적십자 제4차 실무회의,4,1,1974-09-25,1974-09-25
남북탁구협회 제4차 회의,4,1,1979-03-12,1979-03-12
남북총리회담을 위한 제4차 실무대표접촉,4,1,1980-03-18,1980-03-18
제4차 남북경제회담,4,1,1985-09-18,1985-09-18
제2차 고향방문 및 예술공연단 교환 관련 제4차 실무대표접촉,4,1,1989-11-08,1989-11-08
서울올림픽 관련 IOC중재 제4차 남북체육회담,4,1,1987-07-14,1987-07-15
남북국회회담 제4차 준비접촉,4,1,1988-08-26,1988-08-26
남북고위급회담 제4차 예비회담,4,1,1989-11-15,1989-11-15
90북경 아시아 경기대회 단일팀 구성·참가 관련 제4차 남북체육회담 본회담,4,1,1989-11-16,1989-11-16
90북경 아시아 경기대회 단일팀 구성·참가 관련 제4차 실무대표접촉,4,1,1990-01-10,1990-01-10
제4차 남북고위급회담 본회담,4,1,1991-10-22,1991-10-25
국제경기 단일팀 구성·참가위한 제4차 남북체육회담,4,1,1991-02-12,1991-02-12
남북고위급회담 단일합의서 문안정리를 위한 제4차 대표접촉,4,1,1991-11-26,1991-11-26
남북고위급회담 남북핵통제공동위원회 구성·운영문제 협의를 위한 제4차 대표접촉,4,1,1992-03-04,1992-03-04
남북고위급회담 정치분과위원회 제4차 회의,4,1,1992-05-19,1992-05-19
남북고위급회담 군사분과위원회 제4차 회의,4,1,1992-05-25,1992-05-25
남북고위급회담 교류·협력분과위원회 제4차 회의,4,1,1992-05-30,1992-05-30
남북고위급회담 핵통제공동위원회 제4차 회의,4,1,1992-05-12,1992-05-12
남북고위급회담 교류·협력분과위원회 제4차 위원접촉,4,1,1992-04-28,1992-04-28
남북고위급회담 정치분과위원회 제4차 위원접촉,4,1,1992-08-05,1992-08-05
이산가족 화상상봉 관련 제3차 실무접촉,3,1,2005-10-07,2005-10-07
남북고위급회담 핵통제공동위원회 제4차 위원접촉,4,1,1992-09-19,1992-09-19
이산가족 노부모방문단 및 예술단 교환 관련 제4차 적십자실무대표접촉,4,1,1992-07-08,1992-07-08
특사교환을 위한 제4차 실무대표접촉,4,1,1994-03-03,1994-03-03
대북 구호물자 전달을 위한 제4차 남북적십자 대표접촉,4,1,1997-12-23,1997-12-24
제4차 4자회담 본회담,4,1,1999-01-18,1999-01-22
2000 남북정상회담 개최 관련 제4차 남북특사접촉,4,1,2000-04-08,2000-04-08
2000 남북정상회담 개최를 위한 제4차 준비접촉,4,1,2000-05-08,2000-05-08
제4차 남북적십자회담,4,1,2002-09-06,2002-09-08
제4차 남북장관급회담,4,1,2000-12-12,2000-12-16
제4차 남북군사실무회담,4,1,2001-01-31,2001-01-31
남북경제협력추진위원회 제4차 회의,4,1,2003-02-11,2003-02-14
남북철도·도로연결 실무협의회 제4차 회의,4,1,2004-04-08,2004-04-10
남북철도·도로연결 제4차 실무접촉,4,1,2003-03-10,2003-03-12
제4차 남북적십자 실무접촉,4,1,2004-05-24,2004-05-25
남북해운협력 제4차 실무접촉,4,1,2004-02-25,2004-02-26
남북경제협력제도 실무협의회 제4차 회의,4,1,2003-12-17,2003-12-20
제4차 남북장성급군사회담,4,1,2006-05-16,2006-05-18
안중근의사 유해공동발굴 및 봉환을 위한 제4차 실무접촉,4,1,2007-04-10,2007-04-10
남북경제협력추진위원회 제4차 위원급 실무접촉,4,1,2006-05-18,2006-05-19
남북단일팀 구성을 위한 제4차 남북체육회담,4,1,2007-02-13,2007-02-13
개성공단 관련 남북당국간 제4차 실무회담,4,1,2010-02-01,2010-02-01
남북적십자 파견원 제5차 접촉,5,1,1971-09-16,1971-09-16
남북적십자 제5차 예비회담,5,1,1971-10-20,1971-10-20
남북적십자 의제문안 제5차 실무회의,5,1,1972-03-10,1972-03-10
제5차 남북적십자회담 본회담,5,1,1973-03-20,1973-03-23
남북적십자 제5차 실무대표접촉,5,1,1974-04-29,1974-04-29
남북조절위원회 제5차 부위원장회의,5,1,1974-03-27,1974-03-27
남북적십자 제5차 실무회의,5,1,1974-11-05,1974-11-05
남북총리회담을 위한 제5차 실무대표접촉,5,1,1980-04-01,1980-04-01
제5차 남북경제회담,5,1,1985-11-20,1985-11-20
제2차 고향방문 및 예술공연단 교환 관련 제5차 실무대표접촉,5,1,1989-11-13,1989-11-13
남북국회회담 제5차 준비접촉,5,1,1988-10-13,1988-10-13
남북고위급회담 제5차 예비회담,5,1,1989-12-20,1989-12-20
90북경 아시아 경기대회 단일팀 구성·참가 관련 제5차 남북체육회담 본회담,5,1,1989-11-24,1989-11-24
90북경 아시아 경기대회 단일팀 구성·참가 관련 제5차 실무대표접촉,5,1,1990-01-15,1990-01-15
제5차 남북고위급회담 본회담,5,1,1991-12-10,1991-12-13
남북고위급회담 남북핵통제공동위원회 구성·운영문제 협의를 위한 제5차 대표접촉,5,1,1992-03-06,1992-03-06
남북고위급회담 정치분과위원회 제5차 회의,5,1,1992-06-09,1992-06-09
남북고위급회담 군사분과위원회 제5차 회의,5,1,1992-06-19,1992-06-19
남북고위급회담 교류·협력분과위원회 제5차 회의,5,1,1992-06-26,1992-06-26
남북고위급회담 핵통제공동위원회 제5차 회의,5,1,1992-05-27,1992-05-27
남북고위급회담 교류·협력분과위원회 제5차 위원접촉,5,1,1992-08-10,1992-08-10
남북고위급회담 정치분과위원회 제5차 위원접촉,5,1,1992-08-19,1992-08-19
남북고위급회담 핵통제공동위원회 제5차 위원접촉,5,1,1992-09-30,1992-09-30
이산가족 노부모방문단 및 예술단 교환 관련 제5차 적십자실무대표접촉,5,1,1992-07-14,1992-07-14
특사교환을 위한 제5차 실무대표접촉,5,1,1994-03-09,1994-03-09
대북 구호물자 전달을 위한 제5차 남북적십자 대표접촉,5,1,1998-03-25,1998-03-27
제5차 4자회담 본회담,5,1,1999-04-22,1999-04-28
2000 남북정상회담 개최를 위한 제5차 준비접촉,5,1,2000-05-18,2000-05-18
제5차 남북적십자회담,5,1,2003-11-04,2003-11-06
제5차 남북장관급회담,5,1,2001-09-15,2001-09-18
제5차 남북군사실무회담,5,1,2001-02-08,2001-02-08
남북경제협력추진위원회 제5차 회의,5,1,2003-05-19,2003-05-23
남북철도·도로연결 실무협의회 제5차 회의,5,1,2005-07-28,2005-07-30
남북철도·도로연결 제5차 실무접촉,5,1,2003-06-07,2003-06-09
제5차 남북적십자 실무접촉(제7차 남북적십자회담 합의사항 이행을 위한),5,1,2006-03-17,2006-03-22
남북해운협력 제5차 실무접촉,5,1,2005-08-08,2005-08-10
제5차 남북장성급군사회담,5,1,2007-05-08,2007-05-11
남북경제협력추진위원회 제5차 위원급 실무접촉,5,1,2007-03-14,2007-03-15
남북적십자 제6차 예비회담,6,1,1971-10-27,1971-10-27
남북적십자 의제문안 제6차 실무회의,6,1,1972-03-17,1972-03-17
제6차 남북적십자회담 본회담,6,1,1973-05-08,1973-05-11
남북적십자 제6차 실무대표접촉,6,1,1974-05-22,1974-05-22
남북조절위원회 제6차 부위원장회의,6,1,1974-04-24,1974-04-24
남북적십자 제6차 실무회의,6,1,1974-11-29,1974-11-29
남북총리회담을 위한 제6차 실무대표접촉,6,1,1980-04-18,1980-04-18
제2차 고향방문 및 예술공연단 교환 관련 제6차 실무대표접촉,6,1,1989-11-21,1989-11-21
남북국회회담 제6차 준비접촉,6,1,1988-11-17,1988-11-17
남북고위급회담 제6차 예비회담,6,1,1990-01-31,1990-01-31
90북경 아시아 경기대회 단일팀 구성·참가 관련 제6차 남북체육회담 본회담,6,1,1989-12-22,1989-12-22
90북경 아시아 경기대회 단일팀 구성·참가 관련 제6차 실무대표접촉,6,1,1990-01-22,1990-01-22
제6차 남북고위급회담 본회담,6,1,1992-02-18,1992-02-21
남북고위급회담 남북핵통제공동위원회 구성·운영문제 협의를 위한 제6차 대표접촉,6,1,1992-03-10,1992-03-10
남북고위급회담 정치분과위원회 제6차 회의,6,1,1992-07-02,1992-07-02
남북고위급회담 군사분과위원회 제6차 회의,6,1,1992-07-16,1992-07-16
남북고위급회담 교류·협력분과위원회 제6차 회의,6,1,1992-07-28,1992-07-28
남북고위급회담 핵통제공동위원회 제6차 회의,6,1,1992-06-30,1992-06-30
남북고위급회담 교류·협력분과위원회 제6차 위원접촉,6,1,1992-08-21,1992-08-21
남북고위급회담 핵통제공동위원회 제6차 위원접촉,6,1,1992-10-14,1992-10-14
이산가족 노부모방문단 및 예술단 교환 관련 제6차 적십자실무대표접촉,6,1,1992-07-20,1992-07-20
특사교환을 위한 제6차 실무대표접촉,6,1,1994-03-12,1994-03-12
제6차 4자회담 본회담,6,1,1999-08-05,1999-08-09
제6차 남북적십자회담,6,1,2005-08-23,2005-08-25
제6차 남북장관급회담,6,1,2001-11-09,2001-11-14
제6차 남북군사실무회담,6,1,2002-09-14,2002-09-14
남북경제협력추진위원회 제6차 회의,6,1,2003-08-26,2003-08-28
남북철도·도로연결 제6차 실무접촉,6,1,2003-08-21,2003-08-22
제6차 남북적십자 실무접촉(이산가족면회소 건설추진을 위한),6,1,2007-03-09,2007-03-10
제6차 남북장성급군사회담,6,1,2007-07-24,2007-07-26
남북적십자 제7차 예비회담,7,1,1971-11-03,1971-11-03
남북적십자 의제문안 제7차 실무회의,7,1,1972-03-24,1972-03-24
제7차 남북적십자회담 본회담,7,1,1973-07-10,1973-07-13
남북적십자 제7차 실무대표접촉,7,1,1974-05-29,1974-05-29
남북조절위원회 제7차 부위원장회의,7,1,1974-06-28,1974-06-28
남북적십자 제7차 실무회의,7,1,1975-01-24,1975-01-24
남북총리회담을 위한 제7차 실무대표접촉,7,1,1980-05-06,1980-05-06
제2차 고향방문 및 예술공연단 교환 관련 제7차 실무대표접촉,7,1,1989-11-27,1989-11-27
남북국회회담 제7차 준비접촉,7,1,1988-12-29,1988-12-29
남북고위급회담 제7차 예비회담,7,1,1990-07-03,1990-07-03
90북경 아시아 경기대회 단일팀 구성·참가 관련 제7차 남북체육회담 본회담,7,1,1990-01-18,1990-01-18
제7차 남북고위급회담 본회담,7,1,1992-05-05,1992-05-08
남북고위급회담 남북핵통제공동위원회 구성·운영문제 협의를 위한 제7차 대표접촉,7,1,1992-03-14,1992-03-14
남북고위급회담 정치분과위원회 제7차 회의,7,1,1992-08-28,1992-08-28
남북고위급회담 군사분과위원회 제7차 회의,7,1,1992-08-26,1992-08-26
남북고위급회담 교류·협력분과위원회 제7차 회의,7,1,1992-09-03,1992-09-03
남북고위급회담 핵통제공동위원회 제7차 회의,7,1,1992-07-21,1992-07-21
남북고위급회담 핵통제공동위원회 제7차 위원접촉,7,1,1992-10-29,1992-10-29
이산가족 노부모방문단 및 예술단 교환 관련 제7차 적십자실무대표접촉,7,1,1992-07-25,1992-07-25
특사교환을 위한 제7차 실무대표접촉,7,1,1994-03-16,1994-03-16
제7차 남북적십자회담,7,1,2006-02-21,2006-02-23
제7차 남북장관급회담,7,1,2002-08-12,2002-08-14
제7차 남북군사실무회담,7,1,2002-09-16,2002-09-16
남북경제협력추진위원회 제7차 회의,7,1,2003-11-05,2003-11-08
남북철도·도로연결 제7차 실무접촉,7,1,2003-10-27,2003-10-28
제7차 남북장성급군사회담,7,1,2007-12-12,2007-12-14
남북적십자 제8차 예비회담,8,1,1971-11-11,1971-11-11
남북적십자 의제문안 제8차 실무회의,8,1,1972-04-17,1972-04-17
제8차 남북적십자회담 본회담,8,1,1985-05-27,1985-05-30
남북조절위원회 제8차 부위원장회의,8,1,1974-09-21,1974-09-21
남북적십자 제8차 실무회의,8,1,1975-02-28,1975-02-28
남북총리회담을 위한 제8차 실무대표접촉,8,1,1980-05-22,1980-05-22
제2차 고향방문 및 예술공연단 교환 관련 제8차 실무대표접촉,8,1,1990-11-08,1990-11-08
남북국회회담 제8차 준비접촉,8,1,1989-10-25,1989-10-25
남북고위급회담 제8차 예비회담,8,1,1990-07-26,1990-07-26
90북경 아시아 경기대회 단일팀 구성·참가 관련 제8차 남북체육회담 본회담,8,1,1990-01-29,1990-01-29
제8차 남북고위급회담 본회담,8,1,1992-09-15,1992-09-18
남북고위급회담 군사분과위원회 제8차 회의,8,1,1992-09-05,1992-09-05
남북고위급회담 핵통제공동위원회 제8차 회의,8,1,1992-08-31,1992-08-31
남북고위급회담 핵통제공동위원회 제8차 위원접촉,8,1,1992-12-14,1992-12-14
이산가족 노부모방문단 및 예술단 교환 관련 제8차 적십자실무대표접촉,8,1,1992-08-07,1992-08-07
특사교환을 위한 제8차 실무대표접촉,8,1,1994-03-19,1994-03-19
제8차 남북적십자회담,8,1,2007-04-10,2007-04-13
제8차 남북장관급회담,8,1,2002-10-19,2002-10-22
제8차 남북군사실무회담,8,1,2002-09-17,2002-09-17
남북경제협력추진위원회 제8차 회의,8,1,2004-03-02,2004-03-05
남북철도·도로연결 제8차 실무접촉,8,1,2003-12-02,2003-12-05
남북적십자 제9차 예비회담,9,1,1971-11-19,1971-11-19
남북적십자 의제문안 제9차 실무회의,9,1,1972-05-09,1972-05-09
제9차 남북적십자회담 본회담,9,1,1985-08-26,1985-08-29
남북조절위원회 제9차 부위원장회의,9,1,1975-01-08,1975-01-08
남북적십자 제9차 실무회의,9,1,1975-03-26,1975-03-26
남북총리회담을 위한 제9차 실무대표접촉,9,1,1980-06-24,1980-06-24
남북국회회담 제9차 준비접촉,9,1,1989-11-29,1989-11-29
90북경 아시아 경기대회 단일팀 구성·참가 관련 제9차 남북체육회담 본회담,9,1,1990-02-07,1990-02-07
남북고위급회담 핵통제공동위원회 제9차 회의,9,1,1992-10-22,1992-10-22
제9차 남북적십자회담,9,1,2007-11-28,2007-12-01
제9차 남북장관급회담,9,1,2003-01-21,2003-01-24
제9차 남북군사실무회담,9,1,2002-10-03,2002-10-03
남북경제협력추진위원회 제9차 회의,9,1,2004-06-02,2004-06-05
남북철도·도로연결 제9차 실무접촉,9,1,2004-02-25,2004-02-26
남북적십자 제10차 예비회담,10,1,1971-11-24,1971-11-24
남북적십자 의제문안 제10차 실무회의,10,1,1972-05-12,1972-05-12
제10차 남북적십자회담 본회담,10,1,1985-12-02,1985-12-05
남북조절위원회 제10차 부위원장회의,10,1,1975-03-14,1975-03-14
남북적십자 제10차 실무회의,10,1,1975-05-08,1975-05-08
남북총리회담을 위한 제10차 실무대표접촉,10,1,1980-08-20,1980-08-20
남북국회회담 제10차 준비접촉,10,1,1990-01-24,1990-01-24
남북고위급회담 핵통제공동위원회 제10차 회의,10,1,1992-11-18,1992-11-18
제10차 남북장관급회담,10,1,2003-04-27,2003-04-29
제10차 남북군사실무회담,10,1,2002-10-11,2002-10-11
남북경제협력추진위원회 제10차 회의,10,1,2005-07-09,2005-07-12
남북철도·도로연결 제10차 실무접촉,10,1,2004-06-30,2004-07-02
남북적십자 제11차 예비회담,11,1,1971-12-03,1971-12-03
남북적십자 의제문안 제11차 실무회의,11,1,1972-05-19,1972-05-19
남북적십자 제11차 실무회의,11,1,1975-07-21,1975-07-21
남북고위급회담 핵통제공동위원회 제11차 회의,11,1,1992-11-27,1992-11-27
제11차 남북장관급회담,11,1,2003-07-09,2003-07-12
제11차 남북군사실무회담,11,1,2002-10-16,2002-10-16
남북경제협력추진위원회 제11차 회의,11,1,2005-10-28,2005-10-28
남북철도·도로연결 제11차 실무접촉,11,1,2006-02-27,2006-02-28
남북적십자 제12차 예비회담,12,1,1971-12-10,1971-12-10
남북적십자 의제문안 제12차 실무회의,12,1,1972-05-22,1972-05-22
남북적십자 제12차 실무회의,12,1,1975-08-22,1975-08-22
남북고위급회담 핵통제공동위원회 제12차 회의,12,1,1992-12-10,1992-12-10
제12차 남북장관급회담,12,1,2003-10-14,2003-10-17
제12차 남북군사실무회담,12,1,2002-10-25,2002-10-26
남북경제협력추진위원회 제12차 회의,12,1,2006-06-03,2006-06-06
남북철도·도로연결 제12차 실무접촉,12,1,2006-05-11,2006-05-12
남북적십자 제13차 예비회담,13,1,1971-12-17,1971-12-17
남북적십자 의제문안 제13차 실무회의,13,1,1972-06-05,1972-06-05
남북적십자 제13차 실무회의,13,1,1975-10-23,1975-10-23
남북고위급회담 핵통제공동위원회 제13차 회의,13,1,1992-12-17,1992-12-17
제13차 남북장관급회담,13,1,2004-02-03,2004-02-06
제13차 남북군사실무회담,13,1,2002-11-13,2002-11-13
남북경제협력추진위원회 제13차 회의,13,1,2007-04-18,2007-04-22
남북철도·도로연결 제13차 실무접촉 제1차 회의,13,1,2007-04-27,2007-04-28
남북철도·도로연결 제13차 실무접촉 제2차 회의,13,2,2007-05-13,2007-05-13
남북적십자 제14차 예비회담,14,1,1972-01-10,1972-01-10
남북적십자 제14차 실무회의,14,1,1975-11-28,1975-11-28
제14차 남북장관급회담,14,1,2004-05-04,2004-05-07
제14차 남북군사실무회담,14,1,2002-12-23,2002-12-23
남북적십자 제15차 예비회담,15,1,1972-01-19,1972-01-19
남북적십자 제15차 실무회의,15,1,1976-02-12,1976-02-12
제15차 남북장관급회담,15,1,2005-06-21,2005-06-24
제15차 남북군사실무회담,15,1,2003-01-27,2003-01-27
남북적십자 제16차 예비회담,16,1,1972-01-28,1972-01-28
남북적십자 제16차 실무회의,16,1,1976-04-10,1976-04-10
제16차 남북장관급회담,16,1,2005-09-13,2005-09-16
제16차 남북군사실무회담,16,1,2003-06-04,2003-06-04
남북적십자 제17차 예비회담,17,1,1972-02-03,1972-02-03
남북적십자 제17차 실무회의,17,1,1976-06-09,1976-06-09
제17차 남북장관급회담,17,1,2005-12-13,2005-12-16
제17차 남북군사실무회담,17,1,2003-09-17,2003-09-17
남북적십자 제18차 예비회담,18,1,1972-02-10,1972-02-10
남북적십자 제18차 실무회의,18,1,1976-08-20,1976-08-20
제18차 남북장관급회담,18,1,2006-04-21,2006-04-24
제18차 남북군사실무회담,18,1,2003-11-14,2003-11-14
남북적십자 제19차 예비회담,19,1,1972-02-17,1972-02-17
남북적십자 제19차 실무회의,19,1,1976-10-19,1976-10-19
제19차 남북장관급회담,19,1,2006-07-11,2006-07-13
제19차 남북군사실무회담,19,1,2003-11-28,2003-11-28
남북적십자 제20차 예비회담,20,1,1972-06-16,1972-06-16
남북적십자 제20차 실무회의,20,1,1976-12-10,1976-12-10
제20차 남북장관급회담,20,1,2007-02-27,2007-03-02
제20차 남북군사실무회담,20,1,2003-12-23,2003-12-23
남북적십자 제21차 예비회담,21,1,1972-07-10,1972-07-10
남북적십자 제21차 실무회의,21,1,1977-02-11,1977-02-11
제21차 남북장관급회담,21,1,2007-05-29,2007-06-01
제21차 남북군사실무회담,21,1,2004-06-10,2004-06-12
남북적십자 제22차 예비회담,22,1,1972-07-14,1972-07-14
남북적십자 제22차 실무회의,22,1,1977-04-28,1977-04-28
제22차 남북군사실무회담,22,1,2004-06-29,2004-06-30
남북적십자 제23차 예비회담,23,1,1972-07-19,1972-07-19
남북적십자 제23차 실무회의,23,1,1977-07-15,1977-07-15
제23차 남북군사실무회담,23,1,2004-07-05,2004-07-05
남북적십자 제24차 예비회담,24,1,1972-07-26,1972-07-26
남북적십자 제24차 실무회의,24,1,1977-10-14,1977-10-14
제24차 남북군사실무회담,24,1,2005-07-20,2005-07-20
남북적십자 제25차 예비회담,25,1,1972-08-11,1972-08-11
남북적십자 제25차 실무회의,25,1,1977-12-09,1977-12-09
제25차 남북군사실무회담,25,1,2005-08-12,2005-08-12
제26차 남북군사실무회담,26,1,2005-11-03,2005-11-03
제27차 남북군사실무회담,27,1,2006-02-03,2006-02-03
제28차 남북군사실무회담,28,1,2006-10-02,2006-10-02
제29차 남북군사실무회담,29,1,2007-06-08,2007-06-08
제30차 남북군사실무회담,30,1,2007-07-10,2007-07-10
제31차 남북군사실무회담,31,1,2007-07-16,2007-07-16
제32차 남북군사실무회담,32,1,2007-11-12,2007-11-12
제33차 남북군사실무회담,33,1,2007-11-20,2007-11-21
제34차 남북군사실무회담,34,1,2007-11-24,2007-11-24
제35차 남북군사실무회담,35,1,2007-12-05,2007-12-05
제36차 남북군사실무회담,36,1,2008-01-25,2008-01-25
제37차 남북군사실무회담,37,1,2008-10-02,2008-10-02
제38차 남북군사실무회담,38,1,2010-09-30,2010-09-30
제10차 남북적십자회담,10,1,2009-08-26,2009-08-28
제11차 남북적십자회담,11,1,2010-10-26,2010-10-27
제7차 남북적십자 실무접촉,7,1,2009-10-16,2009-10-16
제8차 남북적십자 실무접촉,8,1,2010-09-17,2010-09-17
제9차 남북적십자 실무접촉,9,1,2010-09-24,2010-09-24
제10차 남북적십자 실무접촉,10,1,2010-10-01,2010-10-01
제39차 남북군사실무회담,39,1,2011-02-08,2011-02-09
남북당국간 실무접촉,1,1,2013-06-09,2013-06-10
제1차 개성공단 남북당국 실무회담,1,1,2013-07-06,2013-07-07
제2차 개성공단 남북당국 실무회담,2,1,2013-07-10,2013-07-10
제3차 개성공단 남북당국 실무회담,3,1,2013-07-15,2013-07-15
제4차 개성공단 남북당국 실무회담,4,1,2013-07-17,2013-07-17
제5차 개성공단 남북당국 실무회담,5,1,2013-07-22,2013-07-22
제6차 개성공단 남북당국 실무회담,6,1,2013-07-25,2013-07-25
제7차 개성공단 남북당국 실무회담,7,1,2013-08-14,2013-08-14
제11차 남북적십자 실무접촉,11,1,2013-08-23,2013-08-23
개성공단 남북공동위원회 제1차 회의,1,1,2013-09-02,2013-09-02
개성공단 남북공동위원회 국제경쟁력 분과위원회 제1차 회의,1,1,2013-09-04,2013-09-04
개성공단 남북공동위원회 투자보호 및 관리운영 분과위원회 제1차 회의,1,1,2013-09-04,2013-09-04
개성공단 남북공동위원회 출입체류 분과위원회 제1차 회의,1,1,2013-09-05,2013-09-05
개성공단 남북공동위원회 통행통신통관 분과위원회 제1차 회의,1,1,2013-09-05,2013-09-05
개성공단 남북공동위원회 제2차 회의,2,1,2013-09-10,2013-09-11
개성공단 남북공동위원회 출입체류 분과위원회 제2차 회의,2,1,2013-09-13,2013-09-13
개성공단 남북공동위원회 통행통신통관 분과위원회 제2차 회의,2,1,2013-09-13,2013-09-13
개성공단 남북공동위원회 제3차 회의,3,1,2013-09-16,2013-09-16
개성공단 남북공동위원회 출입체류 분과위원회 제3차 회의,3,1,2013-09-26,2013-09-26
개성공단 남북공동위원회 투자보호 및 관리운영 분과위원회 제2차 회의,2,1,2013-11-13,2013-11-13
개성공단 남북공동위원회 국제경쟁력 분과위원회 제2차 회의,2,1,2013-11-13,2013-11-13
개성공단 남북공동위원회 출입체류 분과위원회 제4차 회의,4,1,2013-11-14,2013-11-14
개성공단 남북공동위원회 통행통신통관 분과위원회 제3차 회의,3,1,2013-11-29,2013-11-29
개성공단 남북공동위원회 제4차 회의,4,1,2013-12-19,2013-12-19
개성공단 남북공동위원회 통행통신통관 분과위원회 제4차 회의,4,1,2014-01-24,2014-01-24
제12차 남북적십자 실무접촉,12,1,2014-02-05,2014-02-05
남북 고위급 접촉,1,1,2014-02-12,2014-02-12
개성공단 상사중재위원회 운영을 위한 제1차 회의,1,1,2014-03-13,2014-03-13
개성공단 남북공동위원회 제5차 회의,5,1,2014-06-26,2014-06-26
인천아시아경기대회 남북실무접촉(2014.7.17. 판문점 [평화의집]),1,1,2014-07-17,2014-07-17
인천 아시안게임 폐회식 계기 남북고위급회담,1,1,2014-10-04,2014-10-04
남북 군사당국자 접촉,1,1,2014-10-15,2014-10-15
개성공단 남북공동위원회 제6차 회의,6,1,2015-07-16,2015-07-16
남북 고위당국자 접촉,1,1,2015-08-22,2015-08-24
제13차 남북적십자 실무접촉(「8.25 합의」이행을 위한 후속회담),13,1,2015-09-07,2015-09-08
제1차 남북고위급회담,0,0,2018-01-09,2018-01-09
평창동계올림픽 예술단파견을 위한 남북실무접촉,0,0,2018-01-15,2018-01-15
남북고위급회담 실무회담,0,0,2018-01-17,2018-01-17
평창 동계올림픽 개회식 계기 고위급 대표단 방남,1,1,2018-02-09,2018-02-11
평창 동계패럴림픽대회 실무회담,0,0,2018-02-27,2018-02-27
평창 동계올림픽 폐회식 계기 고위급 대표단 방남,2,2,2018-02-25,2018-02-27
대통령 특별사절단 방북 1차,1,1,2018-03-05,2018-03-06
예술단 평양 공연 관련 남북실무접촉,1,1,2018-03-20,2018-03-20
제2차 남북고위급회담,1,1,2018-03-29,2018-03-29
2018 남북정상회담 관련 의전·경호·보도 분야 1차 실무회담,2,1,2018-04-05,2018-04-05
2018 남북정상회담 관련 통신 분야 1차 실무회담,3,1,2018-04-07,2018-04-07
2018 남북정상회담 관련 통신 분야 2차 실무회담,4,1,2018-04-14,2018-04-14
2018 남북정상회담 관련 의전·경호·보도 분야 2차 실무회담,5,1,2018-04-18,2018-04-18
2018 남북정상회담 관련 의전·경호·보도 분야 3차 실무회담,6,1,2018-04-23,2018-04-23
2018 제1차 남북정상회담,7,1,2018-04-27,2018-04-27
2018 제2차 남북정상회담,2,2,2018-05-26,2018-05-26
제3차 남북고위급회담,2,1,2018-06-01,2018-06-01
제8차 남북장성급군사회담,8,1,2018-06-14,2018-06-14
남북체육회담,1,1,2018-06-18,2018-06-18
제12차 남북적십자회담,12,1,2018-06-22,2018-06-22
남북철도협력분과회담,1,1,2018-06-26,2018-06-26
남북도로협력분과회담,1,1,2018-06-28,2018-06-28
남북산림협력분과회담,1,1,2018-07-04,2018-07-04
제9차 남북장성급군사회담,9,1,2018-07-31,2018-07-31
제4차 남북고위급회담,4,0,2018-08-13,2018-08-13
대통령 특별사절단 방북 2차,2,1,2018-09-05,2018-09-05
제40차 남북군사실무회담,40,1,2018-09-13,2018-09-14
2018 남북정상회담 평양 남북고위급 실무회담,1,3,2018-09-14,2018-09-14
2018 제3차 남북정상회담,2,3,2018-09-18,2018-09-20
제5차 남북고위급회담,5,0,2018-10-15,2018-10-15
제2차 남북산림협력 분과회담,2,1,2018-10-22,2018-10-22
제10차 남북장성급군사회담,10,1,2018-10-26,2018-10-26
남북체육분과회담,2,1,2018-11-02,2018-11-02
남북보건의료 분과회담,1,1,2018-11-07,2018-11-07
남북통신실무회담,1,1,2018-11-23,2018-11-23
제2차 남북체육분과회담,3,1,2018-12-14,2018-12-14
