연도,회담분야,회담명,개최회담,개최국가,개최지역,개최시설,회담시작일자,회담종료일자,회담일수
2018,정치,남북고위급회담,제1차 남북고위급회담,중립,판문점 남측,평화의집,2018-01-09,2018-01-09,1
2018,정치,남북고위급회담,제3차 남북고위급회담,중립,판문점 남측,평화의집,2018-06-01,2018-06-01,1
2018,정치,남북고위급회담,제4차 남북고위급회담,중립,판문점 북측,통일각,2018-08-13,2018-08-13,1
2018,정치,남북고위급회담,제5차 남북고위급회담,중립,판문점 남측,평화의집,2018-10-15,2018-10-15,1
2018,정치,북한 고위급대표단 방남,평창 동계올림픽 개회식 계기 고위급 대표단 방남,남측,서울,워커힐호텔,2018-02-09,2018-02-11,3
2018,정치,북한 고위급대표단 방남,평창 동계올림픽 폐회식 계기 고위급 대표단 방남,남측,서울,워커힐호텔,2018-02-25,2018-02-27,3
2018,정치,대북 특사단 방북,대통령 특별사절단 방북 1차,북측,평양,조선노동당 본관(진달래관),2018-03-05,2018-03-06,2
2018,정치,대북 특사단 방북,대통령 특별사절단 방북 2차,북측,평양,고려호텔,2018-09-05,2018-09-05,1
2018,정치,2018 남북정상회담,제2차 남북고위급회담,중립,판문점 북측,통일각,2018-03-29,2018-03-29,1
2018,정치,2018 남북정상회담,2018 남북정상회담 관련 의전·경호·보도 분야 1차 실무회담,중립,판문점 남측,평화의집,2018-04-05,2018-04-05,1
2018,정치,2018 남북정상회담,2018 남북정상회담 관련 통신 분야 1차 실무회담,중립,판문점 북측,통일각,2018-04-07,2018-04-07,1
2018,정치,2018 남북정상회담,2018 남북정상회담 관련 통신 분야 2차 실무회담,중립,판문점 북측,통일각,2018-04-14,2018-04-14,1
2018,정치,2018 남북정상회담,2018 남북정상회담 관련 의전·경호·보도 분야 2차 실무회담,중립,판문점 북측,통일각,2018-04-18,2018-04-18,1
2018,정치,2018 남북정상회담,2018 남북정상회담 관련 의전·경호·보도 분야 3차 실무회담,중립,판문점 북측,통일각,2018-04-23,2018-04-23,1
2018,정치,2018 남북정상회담,2018 제1차 남북정상회담,중립,판문점 남측,평화의집,2018-04-27,2018-04-27,1
2018,정치,2018 남북정상회담,2018 제2차 남북정상회담,중립,판문점 북측,통일각,2018-05-26,2018-05-26,1
2018,정치,2018 남북정상회담,2018 남북정상회담 평양 남북고위급 실무회담,중립,판문점 북측,통일각,2018-09-14,2018-09-14,1
2018,정치,2018 남북정상회담,2018 제3차 남북정상회담,북측,평양,평양,2018-09-18,2018-09-20,3
2018,정치,남북통신실무회담,남북통신실무회담,북측,개성,남북공동연락사무소,2018-11-23,2018-11-23,1
2018,군사,남북장성급군사회담,제8차 남북장성급군사회담,중립,판문점 북측,통일각,2018-06-14,2018-06-14,1
2018,군사,남북장성급군사회담,제9차 남북장성급군사회담,중립,판문점 남측,평화의집,2018-07-31,2018-07-31,1
2018,군사,남북장성급군사회담,제10차 남북장성급군사회담,중립,판문점 북측,통일각,2018-10-26,2018-10-26,1
2018,군사,남북군사실무회담,제40차 남북군사실무회담,중립,판문점 북측,통일각,2018-09-13,2018-09-14,2
2018,경제,남북철도협력분과회담,남북철도협력분과회담,중립,판문점 남측,평화의집,2018-06-26,2018-06-26,1
2018,경제,남북도로협력분과회담,남북도로협력분과회담,중립,판문점 북측,통일각,2018-06-28,2018-06-28,1
2018,경제,남북산림협력분과회담,남북산림협력분과회담,중립,판문점 남측,평화의집,2018-07-04,2018-07-04,1
2018,경제,남북산림협력분과회담,제2차 남북산림협력 분과회담,북측,개성,남북공동연락사무소,2018-10-22,2018-10-22,1
2018,인도,남북적십자회담,제12차 남북적십자회담,북측,금강산,금강산호텔,2018-06-22,2018-06-22,1
2018,인도,남북보건의료 분과회담,남북보건의료 분과회담,북측,개성,남북공동연락사무소,2018-11-07,2018-11-07,1
2018,사회문화,남북실무접촉,평창동계올림픽 예술단파견을 위한 남북실무접촉,중립,판문점 북측,통일각,2018-01-15,2018-01-15,1
2018,사회문화,남북고위급회담 실무회담,남북고위급회담 실무회담,중립,판문점 남측,평화의집,2018-01-17,2018-01-17,1
2018,사회문화,평창 동계패럴림픽대회 실무회담,평창 동계패럴림픽대회 실무회담,중립,판문점 북측,통일각,2018-02-27,2018-02-27,1
2018,사회문화,예술단 평양 공연 관련 남북실무접촉,예술단 평양 공연 관련 남북실무접촉,중립,판문점 북측,통일각,2018-03-20,2018-03-20,1
2018,사회문화,남북체육회담,남북체육회담,중립,판문점 남측,평화의집,2018-06-18,2018-06-18,1
2018,사회문화,남북체육회담,남북체육분과회담,북측,개성,남북공동연락사무소,2018-11-02,2018-11-02,1
2018,사회문화,남북체육회담,제2차 남북체육분과회담,북측,개성,남북공동연락사무소,2018-12-14,2018-12-14,1
2015,정치,남북 고위당국자 접촉,남북 고위당국자 접촉,중립,판문점 남측,평화의집,2015-08-22,2015-08-24,3
2015,정치,남북당국회담 실무접촉,남북당국회담을 위한 실무접촉,중립,판문점 북측,통일각,2015-11-26,2015-11-26,1
2015,정치,남북당국회담,제1차 남북당국회담,북측,개성,개성공단 종합지원센터,2015-12-11,2015-12-12,2
2015,경제,개성공단 남북공동위원회 회의,개성공단 남북공동위원회 제6차 회의,북측,개성,개성공단 종합지원센터,2015-07-16,2015-07-16,1
2015,인도,남북적십자 실무접촉,제13차 남북적십자 실무접촉(「8.25 합의」이행을 위한 후속회담),중립,판문점 남측,평화의집,2015-09-07,2015-09-08,2
2014,정치,남북 고위급 접촉,남북 고위급 접촉,중립,판문점 남측,평화의집,2014-02-12,2014-02-12,1
2014,정치,인천 아시안게임 폐회식 계기 남북고위급회담,인천 아시안게임 폐회식 계기 남북고위급회담,남측,인천,오크우드 호텔,2014-10-04,2014-10-04,1
2014,군사,남북 군사당국자 접촉,남북 군사당국자 접촉,중립,판문점 남측,평화의집,2014-10-15,2014-10-15,1
2014,경제,통행통신통관 분과위원회,개성공단 남북공동위원회 통행통신통관 분과위원회 제4차 회의,북측,개성,개성공단 종합지원센터,2014-01-24,2014-01-24,1
2014,경제,개성공단 상사중재위원회 운영 회의,개성공단 상사중재위원회 운영을 위한 제1차 회의,북측,개성,개성공단 종합지원센터,2014-03-13,2014-03-13,1
2014,경제,개성공단 남북공동위원회 회의,개성공단 남북공동위원회 제5차 회의,북측,개성,개성공단 종합지원센터,2014-06-26,2014-06-26,1
2014,인도,남북적십자 실무접촉,제12차 남북적십자 실무접촉,중립,판문점 북측,통일각,2014-02-05,2014-02-05,1
2014,사회문화,인천아시아경기대회 남북실무접촉,인천아시아경기대회 남북실무접촉(2014.7.17. 판문점 [평화의집]),중립,판문점 남측,평화의집,2014-07-17,2014-07-17,1
2013,정치,남북당국간 실무접촉,남북당국간 실무접촉,중립,판문점 남측,평화의집,2013-06-09,2013-06-10,2
2013,경제,개성공단 남북당국 실무회담,제1차 개성공단 남북당국 실무회담,중립,판문점 북측,통일각,2013-07-06,2013-07-07,2
2013,경제,개성공단 남북당국 실무회담,제2차 개성공단 남북당국 실무회담,북측,개성,개성공단 종합지원센터,2013-07-10,2013-07-10,1
2013,경제,개성공단 남북당국 실무회담,제3차 개성공단 남북당국 실무회담,북측,개성,개성공단 종합지원센터,2013-07-15,2013-07-15,1
2013,경제,개성공단 남북당국 실무회담,제4차 개성공단 남북당국 실무회담,북측,개성,개성공단 종합지원센터,2013-07-17,2013-07-17,1
2013,경제,개성공단 남북당국 실무회담,제5차 개성공단 남북당국 실무회담,북측,개성,개성공단 종합지원센터,2013-07-22,2013-07-22,1
2013,경제,개성공단 남북당국 실무회담,제6차 개성공단 남북당국 실무회담,북측,개성,개성공단 종합지원센터,2013-07-25,2013-07-25,1
2013,경제,개성공단 남북당국 실무회담,제7차 개성공단 남북당국 실무회담,북측,개성,개성공단 종합지원센터,2013-08-14,2013-08-14,1
2013,경제,개성공단 남북공동위원회 회의,개성공단 남북공동위원회 제1차 회의,북측,개성,개성공단 종합지원센터,2013-09-02,2013-09-02,1
2013,경제,개성공단 남북공동위원회 회의,개성공단 남북공동위원회 제2차 회의,북측,개성,개성공단 종합지원센터,2013-09-10,2013-09-11,2
2013,경제,개성공단 남북공동위원회 회의,개성공단 남북공동위원회 제3차 회의,북측,개성,개성공단 종합지원센터,2013-09-16,2013-09-16,1
2013,경제,개성공단 남북공동위원회 회의,개성공단 남북공동위원회 제4차 회의,북측,개성,개성공단 종합지원센터,2013-12-19,2013-12-19,1
2013,경제,국제경쟁력 분과위원회 회의,개성공단 남북공동위원회 국제경쟁력 분과위원회 제1차 회의,북측,개성,개성공단 종합지원센터,2013-09-04,2013-09-04,1
2013,경제,국제경쟁력 분과위원회 회의,개성공단 남북공동위원회 국제경쟁력 분과위원회 제2차 회의,북측,개성,개성공단 종합지원센터,2013-11-13,2013-11-13,1
2013,경제,투자보호 및 관리운영 분과위원회 회의,개성공단 남북공동위원회 투자보호 및 관리운영 분과위원회 제1차 회의,북측,개성,개성공단 종합지원센터,2013-09-04,2013-09-04,1
2013,경제,투자보호 및 관리운영 분과위원회 회의,개성공단 남북공동위원회 투자보호 및 관리운영 분과위원회 제2차 회의,북측,개성,개성공단 종합지원센터,2013-11-13,2013-11-13,1
2013,경제,출입체류 분과위원회,개성공단 남북공동위원회 출입체류 분과위원회 제1차 회의,북측,개성,개성공단 종합지원센터,2013-09-05,2013-09-05,1
2013,경제,출입체류 분과위원회,개성공단 남북공동위원회 출입체류 분과위원회 제2차 회의,북측,개성,개성공단 종합지원센터,2013-09-13,2013-09-13,1
2013,경제,출입체류 분과위원회,개성공단 남북공동위원회 출입체류 분과위원회 제3차 회의,북측,개성,개성공단 종합지원센터,2013-09-26,2013-09-26,1
2013,경제,출입체류 분과위원회,개성공단 남북공동위원회 출입체류 분과위원회 제4차 회의,북측,개성,개성공단 종합지원센터,2013-11-14,2013-11-14,1
2013,경제,통행통신통관 분과위원회,개성공단 남북공동위원회 통행통신통관 분과위원회 제1차 회의,북측,개성,개성공단 종합지원센터,2013-09-05,2013-09-05,1
2013,경제,통행통신통관 분과위원회,개성공단 남북공동위원회 통행통신통관 분과위원회 제2차 회의,북측,개성,개성공단 종합지원센터,2013-09-13,2013-09-13,1
2013,경제,통행통신통관 분과위원회,개성공단 남북공동위원회 통행통신통관 분과위원회 제3차 회의,북측,개성,개성공단 종합지원센터,2013-11-29,2013-11-29,1
2013,인도,남북적십자 실무접촉,제11차 남북적십자 실무접촉,중립,판문점 남측,평화의집,2013-08-23,2013-08-23,1
2011,군사,남북군사실무회담,제39차 남북군사실무회담,중립,판문점 남측,평화의집,2011-02-08,2011-02-09,2
2010,군사,남북군사실무회담,제38차 남북군사실무회담,중립,판문점 남측,평화의집,2010-09-30,2010-09-30,1
2010,경제,개성공단 관련 남북당국간 실무회담,개성공단 관련 남북당국간 제4차 실무회담,북측,개성,남북교류협력협의사무소,2010-02-01,2010-02-01,1
2010,경제,금강산·개성관광 관련 남북당국간 실무회담,금강산·개성관광 관련 남북당국간 실무회담,북측,개성,남북교류협력협의사무소,2010-02-08,2010-02-08,1
2010,경제,개성공단 3통문제 해결을 위한 남북실무접촉,개성공단 3통문제 해결을 위한 남북실무접촉,북측,개성,남북교류협력협의사무소,2010-03-02,2010-03-02,1
2010,인도,남북적십자 실무접촉,제8차 남북적십자 실무접촉,북측,개성,자남산여관,2010-09-17,2010-09-17,1
2010,인도,남북적십자 실무접촉,제9차 남북적십자 실무접촉,북측,개성,자남산여관,2010-09-24,2010-09-24,1
2010,인도,남북적십자 실무접촉,제10차 남북적십자 실무접촉,북측,개성,자남산여관,2010-10-01,2010-10-01,1
2010,인도,남북적십자회담,제11차 남북적십자회담,북측,개성,자남산여관,2010-10-26,2010-10-27,2
2009,경제,개성공단 관련 남북당국간 실무회담,개성공단 관련 남북당국간 제1차 실무회담,북측,개성,남북교류협력협의사무소,2009-06-11,2009-06-11,1
2009,경제,개성공단 관련 남북당국간 실무회담,개성공단 관련 남북당국간 제2차 실무회담,북측,개성,남북교류협력협의사무소,2009-06-19,2009-06-19,1
2009,경제,개성공단 관련 남북당국간 실무회담,개성공단 관련 남북당국간 제3차 실무회담,북측,개성,남북교류협력협의사무소,2009-07-02,2009-07-02,1
2009,경제,임진강 수해방지 실무회담,임진강 수해방지 실무회담,북측,개성,남북교류협력협의사무소,2009-10-14,2009-10-14,1
2009,인도,남북적십자회담,제10차 남북적십자회담,북측,금강산,금강산호텔,2009-08-26,2009-08-28,3
2009,인도,남북적십자 실무접촉,제7차 남북적십자 실무접촉,북측,개성,남북교류협력협의사무소,2009-10-16,2009-10-16,1
2008,군사,남북군사실무회담,제36차 남북군사실무회담,중립,판문점 남측,평화의집,2008-01-25,2008-01-25,1
2008,군사,남북군사실무회담,제37차 남북군사실무회담,중립,판문점 남측,평화의집,2008-10-02,2008-10-02,1
2008,경제,남북철도협력분과위원회 회의,남북철도협력분과위원회 회의,북측,개성,남북경제협력협의사무소,2008-01-29,2008-01-30,2
2008,경제,금강산관광 활성화를 위한 당국간 실무접촉,금강산관광 활성화를 위한 당국간 제2차 실무접촉,북측,개성,남북경제협력협의사무소,2008-02-05,2008-02-05,1
2008,경제,남북도로협력분과위원회 회의,남북도로협력분과위원회 회의,북측,개성,남북경제협력협의사무소,2008-02-12,2008-02-13,2
2008,사회문화,베이징올림픽 공동응원단 경의선 열차 이용 관련 실무접촉,베이징올림픽 공동응원단 경의선 열차 이용 관련 제2차 실무접촉,북측,개성,자남산여관,2008-02-04,2008-02-04,1
2007,정치,제20차 남북장관급회담 개최를 위한 실무대표접촉,제20차 남북장관급회담 개최를 위한 실무대표접촉,북측,개성,자남산여관,2007-02-15,2007-02-15,1
2007,정치,남북장관급회담,제20차 남북장관급회담,북측,평양,고려호텔,2007-02-27,2007-03-02,4
2007,정치,남북장관급회담,제21차 남북장관급회담,남측,서울,그랜드힐튼호텔,2007-05-29,2007-06-01,4
2007,정치,2007 남북정상회담 개최 관련 남북특사접촉,2007 남북정상회담 개최 관련 제1차 남북특사접촉,북측,평양,평양,2007-08-02,2007-08-03,2
2007,정치,2007 남북정상회담 개최 관련 남북특사접촉,2007 남북정상회담 개최 관련 제2차 남북특사접촉,북측,평양,평양,2007-08-04,2007-08-05,2
2007,정치,2007 남북정상회담 준비접촉,2007 남북정상회담 준비접촉,북측,개성,자남산여관,2007-08-14,2007-08-14,1
2007,정치,2007 남북정상회담 관련 분야별 실무접촉,2007 남북정상회담 관련 분야별 제1차 실무접촉,북측,개성,자남산여관,2007-08-14,2007-08-14,1
2007,정치,2007 남북정상회담 관련 분야별 실무접촉,2007 남북정상회담 관련 분야별 제2차 실무접촉,북측,개성,자남산여관,2007-08-16,2007-08-16,1
2007,정치,남북정상회담,2007 남북정상회담,북측,평양,백화원초대소,2007-10-02,2007-10-04,3
2007,정치,남북총리회담 예비접촉,남북총리회담 제1차 예비접촉,북측,개성,자남산여관,2007-10-26,2007-10-26,1
2007,정치,남북총리회담 예비접촉,남북총리회담 제2차 예비접촉,북측,개성,자남산여관,2007-11-09,2007-11-09,1
2007,정치,남북총리회담 예비접촉,남북총리회담 제3차 예비접촉,북측,개성,자남산여관,2007-11-11,2007-11-11,1
2007,정치,남북총리회담,남북총리회담,남측,서울,쉐라톤워커힐호텔,2007-11-14,2007-11-16,3
2007,군사,남북장성급군사회담,제5차 남북장성급군사회담,중립,판문점 북측,통일각,2007-05-08,2007-05-11,4
2007,군사,남북장성급군사회담,제6차 남북장성급군사회담,중립,판문점 남측,평화의집,2007-07-24,2007-07-26,3
2007,군사,남북장성급군사회담,제7차 남북장성급군사회담,중립,판문점 남측,평화의집,2007-12-12,2007-12-14,3
2007,군사,남북군사실무회담,제29차 남북군사실무회담,중립,판문점 남측,평화의집,2007-06-08,2007-06-08,1
2007,군사,남북군사실무회담,제30차 남북군사실무회담,중립,판문점 북측,통일각,2007-07-10,2007-07-10,1
2007,군사,남북군사실무회담,제31차 남북군사실무회담,중립,판문점 남측,평화의집,2007-07-16,2007-07-16,1
2007,군사,남북군사실무회담,제32차 남북군사실무회담,중립,판문점 북측,통일각,2007-11-12,2007-11-12,1
2007,군사,남북군사실무회담,제33차 남북군사실무회담,중립,판문점 남측,평화의집,2007-11-20,2007-11-21,2
2007,군사,남북군사실무회담,제34차 남북군사실무회담,중립,판문점 남측,평화의집,2007-11-24,2007-11-24,1
2007,군사,남북군사실무회담,제35차 남북군사실무회담,중립,판문점 북측,통일각,2007-12-05,2007-12-05,1
2007,군사,남북국방장관회담,제2차 남북국방장관회담,북측,평양,송전각초대소,2007-11-27,2007-11-29,3
2007,경제,남북경제협력추진위원회 위원급 실무접촉,남북경제협력추진위원회 제5차 위원급 실무접촉,북측,개성,남북경제협력협의사무소,2007-03-14,2007-03-15,2
2007,경제,남북경제협력추진위원회 회의,남북경제협력추진위원회 제13차 회의,북측,평양,고려호텔,2007-04-18,2007-04-22,5
2007,경제,남북철도·도로연결 실무접촉,남북철도·도로연결 제13차 실무접촉 제1차 회의,북측,개성,남북경제협력협의사무소,2007-04-27,2007-04-28,2
2007,경제,남북철도·도로연결 실무접촉,남북철도·도로연결 제13차 실무접촉 제2차 회의,북측,개성,남북경제협력협의사무소,2007-05-13,2007-05-13,1
2007,경제,남북 경공업 및 지하자원개발 실무협의,남북 경공업 및 지하자원개발 제2차 실무협의,북측,개성,남북경제협력협의사무소,2007-05-02,2007-05-04,3
2007,경제,남북 경공업 및 지하자원개발 실무협의,남북 경공업 및 지하자원개발 제3차 실무협의,북측,개성,남북경제협력협의사무소,2007-05-22,2007-05-23,2
2007,경제,남북 경공업 및 지하자원개발 협력 이행기구 실무협의,남북 경공업 및 지하자원개발 협력 이행기구 제1차 실무협의,북측,개성,남북경제협력협의사무소,2007-06-07,2007-06-08,2
2007,경제,남북 경공업 및 지하자원개발 협력 이행기구 실무협의,남북 경공업 및 지하자원개발 협력 이행기구 제2차 실무협의,북측,개성,남북경제협력협의사무소,2007-07-05,2007-07-07,3
2007,경제,개성공단건설 실무접촉,개성공단건설 제3차 실무접촉,북측,개성,남북경제협력협의사무소,2007-06-12,2007-06-13,2
2007,경제,중유 5만톤 제공을 위한 남북실무접촉,중유 5만톤 제공을 위한 남북실무접촉,북측,개성,남북경제협력협의사무소,2007-06-29,2007-06-30,2
2007,경제,남북농업협력 실무접촉,제1차 남북농업협력 실무접촉,북측,개성,자남산여관,2007-11-05,2007-11-05,1
2007,경제,남북농업협력 실무접촉,제2차 남북농업협력 실무접촉,북측,개성,자남산여관,2007-12-18,2007-12-18,1
2007,경제,남북철도협력분과위원회 실무접촉,남북철도협력분과위원회 실무접촉,북측,개성,자남산여관,2007-11-20,2007-11-21,2
2007,경제,남북도로협력분과위원회 실무접촉,남북도로협력분과위원회 실무접촉,북측,개성,자남산여관,2007-11-28,2007-11-29,2
2007,경제,남북철도운영공동위원회 회의,남북철도운영공동위원회 회의,북측,개성,자남산여관,2007-12-01,2007-12-01,1
2007,경제,남북경제협력공동위원회 회의,남북경제협력공동위원회 회의,남측,서울,그랜드힐튼호텔,2007-12-04,2007-12-06,3
2007,경제,남북농수산협력분과위원회 회의,남북농수산협력분과위원회 회의,북측,개성,자남산여관,2007-12-14,2007-12-15,2
2007,경제,개성공단협력분과위원회 회의,개성공단협력분과위원회 회의,북측,개성,남북경제협력협의사무소,2007-12-20,2007-12-21,2
2007,경제,남북보건의료·환경보호협력분과위원회 회의,남북보건의료·환경보호협력분과위원회 회의,북측,개성,자남산여관,2007-12-20,2007-12-21,2
2007,경제,금강산관광 활성화를 위한 당국간 실무접촉,금강산관광 활성화를 위한 당국간 제1차 실무접촉,북측,개성,남북경제협력협의사무소,2007-12-25,2007-12-25,1
2007,경제,남북조선·해운협력분과위원회 회의,남북조선·해운협력분과위원회 회의,남측,부산,웨스틴조선호텔,2007-12-25,2007-12-28,4
2007,경제,서해평화협력특별지대추진위원회 회의,서해평화협력특별지대추진위원회 회의,북측,개성,남북경제협력협의사무소,2007-12-28,2007-12-29,2
2007,인도,남북적십자 실무접촉,제6차 남북적십자 실무접촉(이산가족면회소 건설추진을 위한),북측,금강산,금강산호텔,2007-03-09,2007-03-10,2
2007,인도,남북적십자회담,제8차 남북적십자회담,북측,금강산,금강산호텔,2007-04-10,2007-04-13,4
2007,인도,남북적십자회담,제9차 남북적십자회담,북측,금강산,금강산호텔,2007-11-28,2007-12-01,4
2007,사회문화,남북단일팀 구성을 위한 남북체육회담,남북단일팀 구성을 위한 제4차 남북체육회담,북측,개성,자남산여관,2007-02-13,2007-02-13,1
2007,사회문화,북한구제역 방역지원을 위한 남북실무접촉,북한구제역 방역지원을 위한 남북실무접촉,북측,개성,봉동관,2007-03-30,2007-03-30,1
2007,사회문화,안중근의사 유해공동발굴 및 봉환을 위한 실무접촉,안중근의사 유해공동발굴 및 봉환을 위한 제4차 실무접촉,북측,개성,중앙특구개발지도총국 개성공업지구사무소,2007-04-10,2007-04-10,1
2007,사회문화,북한 산림병충해방제 지원을 위한 남북실무접촉,북한 산림병충해방제 지원을 위한 남북실무접촉,북측,개성,남북경제협력협의사무소,2007-05-08,2007-05-08,1
2007,사회문화,남북기상협력 실무접촉,남북기상협력 실무접촉,북측,개성,자남산여관,2007-12-17,2007-12-18,2
2007,사회문화,베이징올림픽 공동응원단 경의선 열차 이용 관련 실무접촉,베이징올림픽 공동응원단 경의선 열차 이용 관련 제1차 실무접촉,북측,개성,자남산여관,2007-12-28,2007-12-28,1
2006,정치,남북장관급회담,제18차 남북장관급회담,북측,평양,고려호텔,2006-04-21,2006-04-24,4
2006,정치,남북장관급회담,제19차 남북장관급회담,남측,부산,웨스틴조선호텔,2006-07-11,2006-07-13,3
2006,정치,김대중 전 대통령 방북 관련 실무접촉,김대중 전 대통령 방북 관련 제1차 실무접촉,북측,금강산,금강산호텔,2006-05-16,2006-05-17,2
2006,정치,김대중 전 대통령 방북 관련 실무접촉,김대중 전 대통령 방북 관련 제2차 실무접촉,북측,개성,자남산여관,2006-05-29,2006-05-29,1
2006,정치,2006년 6.15 남북당국공동행사 실무접촉,2006년 6.15 남북당국공동행사 실무접촉,북측,개성,자남산여관,2006-05-23,2006-05-23,1
2006,군사,남북군사실무회담,제27차 남북군사실무회담,중립,판문점 북측,통일각,2006-02-03,2006-02-03,1
2006,군사,남북군사실무회담,제28차 남북군사실무회담,중립,판문점 북측,통일각,2006-10-02,2006-10-02,1
2006,군사,남북장성급군사회담,제3차 남북장성급군사회담,중립,판문점 북측,통일각,2006-03-02,2006-03-03,2
2006,군사,남북장성급군사회담,제4차 남북장성급군사회담,중립,판문점 남측,자유의집,2006-05-16,2006-05-18,3
2006,경제,남북경제협력추진위원회 위원급 실무접촉,남북경제협력추진위원회 제2차 위원급 실무접촉,북측,개성,자남산여관,2006-01-19,2006-01-20,2
2006,경제,남북경제협력추진위원회 위원급 실무접촉,남북경제협력추진위원회 제3차 위원급 실무접촉,북측,개성,남북경제협력협의사무소,2006-05-03,2006-05-04,2
2006,경제,남북경제협력추진위원회 위원급 실무접촉,남북경제협력추진위원회 제4차 위원급 실무접촉,북측,개성,남북경제협력협의사무소,2006-05-18,2006-05-19,2
2006,경제,남북철도·도로연결 실무접촉,남북철도·도로연결 제11차 실무접촉,북측,개성,남북경제협력협의사무소,2006-02-27,2006-02-28,2
2006,경제,남북철도·도로연결 실무접촉,남북철도·도로연결 제12차 실무접촉,북측,개성,남북경제협력협의사무소,2006-05-11,2006-05-12,2
2006,경제,남북경제협력추진위원회 회의,남북경제협력추진위원회 제12차 회의,남측,제주,롯데호텔,2006-06-03,2006-06-06,4
2006,경제,개성공단건설 실무접촉,개성공단건설 제2차 실무접촉,북측,개성,남북경제협력협의사무소,2006-06-20,2006-06-21,2
2006,경제,남북임진강수해방지 실무접촉,남북임진강수해방지 실무접촉,북측,개성,남북경제협력협의사무소,2006-06-26,2006-06-27,2
2006,인도,남북적십자회담,제7차 남북적십자회담,북측,금강산,금강산호텔,2006-02-21,2006-02-23,3
2006,인도,남북적십자 실무접촉,제5차 남북적십자 실무접촉(제7차 남북적십자회담 합의사항 이행을 위한),북측,금강산,금강산호텔,2006-03-17,2006-03-22,6
2006,인도,대북 수해복구지원 관련 남북적십자 실무접촉,대북 수해복구지원 관련 남북적십자 실무접촉,북측,금강산,금강산호텔,2006-08-19,2006-08-19,1
2006,사회문화,안중근의사 유해공동발굴 및 봉환을 위한 실무접촉,안중근의사 유해공동발굴 및 봉환을 위한 제3차 실무접촉,북측,개성,자남산여관,2006-03-20,2006-03-20,1
2006,사회문화,남북단일팀 구성을 위한 남북체육회담,남북단일팀 구성을 위한 제2차 남북체육회담,북측,개성,자남산여관,2006-06-29,2006-06-29,1
2006,사회문화,남북단일팀 구성을 위한 남북체육회담,남북단일팀 구성을 위한 제3차 남북체육회담,해외,카타르 도하,인터콘티넨탈호텔,2006-11-30,2006-12-02,3
2005,정치,장관급회담 재개를 위한 남북차관급회담,장관급회담 재개를 위한 남북차관급회담,북측,개성,자남산여관,2005-05-16,2005-05-19,4
2005,정치,2005년 6.15 남북당국공동행사 실무접촉,2005년 6.15 남북당국공동행사 제1차 실무접촉,북측,개성,자남산여관,2005-05-24,2005-05-24,1
2005,정치,2005년 6.15 남북당국공동행사 실무접촉,2005년 6.15 남북당국공동행사 제2차 실무접촉,북측,개성,자남산여관,2005-05-27,2005-05-27,1
2005,정치,2005년 6.15 남북당국공동행사 실무접촉,2005년 6.15 남북당국공동행사 제3차 실무접촉,북측,개성,자남산여관,2005-05-28,2005-05-28,1
2005,정치,대통령특사 방북,대통령특사(정동영) 제3차 방북,북측,평양,대동강영빈관,2005-06-17,2005-06-17,1
2005,정치,남북장관급회담,제15차 남북장관급회담,남측,서울,워커힐호텔,2005-06-21,2005-06-24,4
2005,정치,남북장관급회담,제16차 남북장관급회담,북측,평양,고려호텔,2005-09-13,2005-09-16,4
2005,정치,남북장관급회담,제17차 남북장관급회담,남측,제주,롯데호텔,2005-12-13,2005-12-16,4
2005,정치,2005년 8.15 남북당국공동행사 실무접촉,2005년 8.15 남북당국공동행사 제1차 실무접촉,북측,개성,자남산여관,2005-07-22,2005-07-22,1
2005,정치,2005년 8.15 남북당국공동행사 실무접촉,2005년 8.15 남북당국공동행사 제2차 실무접촉,북측,개성,자남산여관,2005-08-02,2005-08-02,1
2005,군사,남북군사실무회담,제24차 남북군사실무회담,중립,판문점 남측,평화의집,2005-07-20,2005-07-20,1
2005,군사,남북군사실무회담,제25차 남북군사실무회담,중립,판문점 북측,판문각,2005-08-12,2005-08-12,1
2005,군사,남북군사실무회담,제26차 남북군사실무회담,중립,판문점 남측,평화의집,2005-11-03,2005-11-03,1
2005,경제,남북경제협력추진위원회 회의,남북경제협력추진위원회 제10차 회의,남측,서울,그랜드힐튼호텔,2005-07-09,2005-07-12,4
2005,경제,남북경제협력추진위원회 회의,남북경제협력추진위원회 제11차 회의,북측,개성,자남산여관,2005-10-28,2005-10-28,1
2005,경제,남북수산협력 실무협의회,남북수산협력 실무협의회,북측,개성,자남산여관,2005-07-25,2005-07-27,3
2005,경제,남북철도·도로연결 실무협의회,남북철도·도로연결 실무협의회 제5차 회의,북측,개성,자남산여관,2005-07-28,2005-07-30,3
2005,경제,남북해운협력 실무접촉,남북해운협력 제5차 실무접촉,남측,파주 문산,홍원연수원,2005-08-08,2005-08-10,3
2005,경제,남북농업협력위원회 회의,남북농업협력위원회 회의,북측,개성,자남산여관,2005-08-18,2005-08-19,2
2005,경제,남북 경공업 및 지하자원개발 실무협의,남북 경공업 및 지하자원개발 제1차 실무협의,북측,평양,고려호텔,2005-08-24,2005-08-27,4
2005,경제,남북해운협력 실무협의회,남북해운협력 실무협의회,북측,개성,자남산여관,2005-09-29,2005-09-30,2
2005,경제,남북경제협력추진협의회 제11차 회의 관련 위원급 준비접촉,남북경제협력추진협의회 제11차 회의 관련 제1차 위원급 준비접촉,북측,개성,자남산여관,2005-10-20,2005-10-21,2
2005,경제,남북경제협력추진협의회 제11차 회의 관련 위원급 준비접촉,남북경제협력추진협의회 제11차 회의 관련 제2차 위원급 준비접촉,북측,개성,자남산여관,2005-10-25,2005-10-26,2
2005,경제,남북경제협력추진위원회 위원급 실무접촉,남북경제협력추진위원회 제1차 위원급 실무접촉,북측,개성,자남산여관,2005-11-23,2005-11-24,2
2005,인도,이산가족 화상상봉 관련 실무접촉,이산가족 화상상봉 관련 제1차 실무접촉,북측,개성,자남산여관,2005-07-12,2005-07-13,2
2005,인도,이산가족 화상상봉 관련 실무접촉,이산가족 화상상봉 관련 제2차 실무접촉,북측,개성,자남산여관,2005-10-05,2005-10-05,1
2005,인도,이산가족 화상상봉 관련 실무접촉,이산가족 화상상봉 관련 제3차 실무접촉,북측,개성,자남산여관,2005-10-07,2005-10-07,1
2005,인도,남북적십자회담,제6차 남북적십자회담,북측,금강산,금강산호텔,2005-08-23,2005-08-25,3
2005,사회문화,북한조류인플루엔자 관련 남북실무접촉,북한조류인플루엔자 관련 남북실무접촉,북측,개성,자남산여관,2005-04-22,2005-04-22,1
2005,사회문화,2005년 8.15 남북통일축구경기 실무접촉,2005년 8.15 남북통일축구경기 제1차 실무접촉,북측,개성,자남산여관,2005-07-26,2005-07-26,1
2005,사회문화,2005년 8.15 남북통일축구경기 실무접촉,2005년 8.15 남북통일축구경기 제2차 실무접촉,북측,개성,자남산여관,2005-07-28,2005-07-28,1
2005,사회문화,안중근의사 유해공동발굴 및 봉환을 위한 실무접촉,안중근의사 유해공동발굴 및 봉환을 위한 제1차 실무접촉,북측,개성,자남산여관,2005-09-07,2005-09-07,1
2005,사회문화,안중근의사 유해공동발굴 및 봉환을 위한 실무접촉,안중근의사 유해공동발굴 및 봉환을 위한 제2차 실무접촉,북측,개성,자남산여관,2005-11-22,2005-11-22,1
2005,사회문화,남북단일팀 구성을 위한 남북체육회담,남북단일팀 구성을 위한 제1차 남북체육회담,북측,개성,자남산여관,2005-12-07,2005-12-07,1
2004,정치,남북장관급회담,제13차 남북장관급회담,남측,서울,신라호텔,2004-02-03,2004-02-06,4
2004,정치,남북장관급회담,제14차 남북장관급회담,북측,평양,고려호텔,2004-05-04,2004-05-07,4
2004,군사,남북장성급군사회담,제1차 남북장성급군사회담,북측,금강산,금강산초대소,2004-05-26,2004-05-26,1
2004,군사,남북장성급군사회담,제2차 남북장성급군사회담,남측,속초,켕신턴스타호텔,2004-06-03,2004-06-04,2
2004,군사,남북군사실무회담,제21차 남북군사실무회담,북측,개성,자남산여관,2004-06-10,2004-06-12,3
2004,군사,남북군사실무회담,제22차 남북군사실무회담,남측,파주 문산,홍원연수원,2004-06-29,2004-06-30,2
2004,군사,남북군사실무회담,제23차 남북군사실무회담,북측,개성,자남산여관,2004-07-05,2004-07-05,1
2004,경제,남북경제협력제도 실무접촉,남북경제협력제도 실무접촉,북측,개성,자남산여관,2004-01-27,2004-01-29,3
2004,경제,남북청산결제 실무협의,남북청산결제 실무협의 제2차 회의,북측,개성,자남산여관,2004-01-27,2004-01-29,3
2004,경제,남북청산결제 실무협의,남북청산결제 실무협의 제3차 회의,남측,파주 문산,홍원연수원,2004-04-20,2004-04-22,3
2004,경제,남북해운협력 실무접촉,남북해운협력 제4차 실무접촉,북측,개성,자남산여관,2004-02-25,2004-02-26,2
2004,경제,남북철도·도로연결 실무접촉,남북철도·도로연결 제9차 실무접촉,북측,개성,자남산여관,2004-02-25,2004-02-26,2
2004,경제,남북철도·도로연결 실무접촉,남북철도·도로연결 제10차 실무접촉,북측,금강산,김정숙휴양소,2004-06-30,2004-07-02,3
2004,경제,남북경제협력추진위원회 회의,남북경제협력추진위원회 제8차 회의,남측,서울,그랜드힐튼호텔,2004-03-02,2004-03-05,4
2004,경제,남북경제협력추진위원회 회의,남북경제협력추진위원회 제9차 회의,북측,평양,양각도호텔,2004-06-02,2004-06-05,4
2004,경제,남북임진강수해방지 실무협의회,남북임진강수해방지 실무협의회 제3차 회의,북측,개성,자남산여관,2004-04-08,2004-04-10,3
2004,경제,남북철도·도로연결 실무협의회,남북철도·도로연결 실무협의회 제4차 회의,북측,개성,자남산여관,2004-04-08,2004-04-10,3
2004,경제,남북청산결제 거래를 위한 은행간 실무접촉,남북청산결제 거래를 위한 제1차 은행간 실무접촉,북측,개성,자남산여관,2004-05-18,2004-05-19,2
2004,경제,남북청산결제 거래를 위한 은행간 실무접촉,남북청산결제 거래를 위한 제2차 은행간 실무접촉,북측,개성,자남산여관,2004-06-24,2004-06-25,2
2004,경제,개성공단건설 실무협의회,개성공단건설 실무협의회 제2차 회의,북측,개성,자남산여관,2004-06-24,2004-06-25,2
2004,인도,용천재난구호 남북간 실무접촉,용천재난구호 남북간 실무접촉,북측,개성,자남산여관,2004-04-27,2004-04-27,1
2004,인도,남북적십자 실무접촉,제4차 남북적십자 실무접촉,북측,금강산,김정숙휴양소,2004-05-24,2004-05-25,2
2004,사회문화,아테네올림픽 공동입장을 위한 실무접촉,아테네올림픽 공동입장을 위한 실무접촉,해외,중국 북경,켐핀스키호텔,2004-06-23,2004-06-25,3
2003,정치,남북장관급회담,제9차 남북장관급회담,남측,서울,워커힐호텔,2003-01-21,2003-01-24,4
2003,정치,남북장관급회담,제10차 남북장관급회담,북측,평양,고려호텔,2003-04-27,2003-04-29,3
2003,정치,남북장관급회담,제11차 남북장관급회담,남측,서울,신라호텔,2003-07-09,2003-07-12,4
2003,정치,남북장관급회담,제12차 남북장관급회담,북측,평양,고려호텔,2003-10-14,2003-10-17,4
2003,정치,대통령특사 방북,대통령특사(임동원) 제2차 방북,북측,평양,백화원초대소,2003-01-27,2003-01-29,3
2003,군사,남북군사실무회담,제15차 남북군사실무회담,중립,판문점 북측,통일각,2003-01-27,2003-01-27,1
2003,군사,남북군사실무회담,제16차 남북군사실무회담,중립,판문점 남측,평화의집,2003-06-04,2003-06-04,1
2003,군사,남북군사실무회담,제17차 남북군사실무회담,중립,판문점 북측,통일각,2003-09-17,2003-09-17,1
2003,군사,남북군사실무회담,제18차 남북군사실무회담,중립,판문점 남측,평화의집,2003-11-14,2003-11-14,1
2003,군사,남북군사실무회담,제19차 남북군사실무회담,중립,판문점 북측,통일각,2003-11-28,2003-11-28,1
2003,군사,남북군사실무회담,제20차 남북군사실무회담,중립,판문점 남측,평화의집,2003-12-23,2003-12-23,1
2003,경제,남북철도·도로연결 실무협의회,남북철도·도로연결 실무협의회 제2차 회의,북측,평양,고려호텔,2003-01-22,2003-01-25,4
2003,경제,남북철도·도로연결 실무협의회,남북철도·도로연결 실무협의회 제3차 회의,남측,파주 문산,홍원연수원,2003-07-02,2003-07-04,3
2003,경제,남북경제협력추진위원회 회의,남북경제협력추진위원회 제4차 회의,남측,서울,그랜드힐튼호텔,2003-02-11,2003-02-14,4
2003,경제,남북경제협력추진위원회 회의,남북경제협력추진위원회 제5차 회의,북측,평양,양각도호텔,2003-05-19,2003-05-23,5
2003,경제,남북경제협력추진위원회 회의,남북경제협력추진위원회 제6차 회의,남측,서울,그랜드힐튼호텔,2003-08-26,2003-08-28,3
2003,경제,남북경제협력추진위원회 회의,남북경제협력추진위원회 제7차 회의,북측,평양,고려호텔,2003-11-05,2003-11-08,4
2003,경제,남북철도·도로연결 실무접촉,남북철도·도로연결 제4차 실무접촉,북측,개성,자남산여관,2003-03-10,2003-03-12,3
2003,경제,남북철도·도로연결 실무접촉,남북철도·도로연결 제5차 실무접촉,북측,개성,자남산여관,2003-06-07,2003-06-09,3
2003,경제,남북철도·도로연결 실무접촉,남북철도·도로연결 제6차 실무접촉,북측,개성,자남산여관,2003-08-21,2003-08-22,2
2003,경제,남북철도·도로연결 실무접촉,남북철도·도로연결 제7차 실무접촉,북측,개성,자남산여관,2003-10-27,2003-10-28,2
2003,경제,남북철도·도로연결 실무접촉,남북철도·도로연결 제8차 실무접촉,남측,속초,켕신턴스타호텔,2003-12-02,2003-12-05,4
2003,경제,남북경제협력제도 실무협의회,남북경제협력제도 실무협의회 제2차 회의,북측,개성,자남산여관,2003-07-29,2003-07-31,3
2003,경제,남북경제협력제도 실무협의회,남북경제협력제도 실무협의회 제3차 회의,남측,파주 문산,홍원연수원,2003-10-11,2003-10-12,2
2003,경제,남북경제협력제도 실무협의회,남북경제협력제도 실무협의회 제4차 회의,북측,평양,양각도호텔,2003-12-17,2003-12-20,4
2003,경제,남북해운협력 실무접촉,남북해운협력 제3차 실무접촉,남측,파주 문산,홍원연수원,2003-10-11,2003-10-12,2
2003,경제,남북원산지확인 실무협의회,남북원산지확인 실무협의회,북측,평양,양각도호텔,2003-12-17,2003-12-20,4
2003,경제,남북청산결제 실무협의,남북청산결제 실무협의 제1차 회의,북측,평양,양각도호텔,2003-12-17,2003-12-20,4
2003,인도,남북적십자 실무접촉,제3차 남북적십자 실무접촉,북측,금강산,해금강호텔,2003-01-20,2003-01-22,3
2003,인도,금강산면회소건설추진단 회의,금강산면회소건설추진단 제1차 회의,북측,금강산,해금강호텔,2003-02-13,2003-02-15,3
2003,인도,금강산면회소건설추진단 회의,금강산면회소건설추진단 제2차 회의,북측,금강산,해금강호텔,2003-03-03,2003-03-05,3
2003,인도,금강산면회소건설추진단 회의,금강산면회소건설추진단 제3차 회의,북측,금강산,해금강호텔,2003-08-21,2003-08-23,3
2003,인도,금강산면회소건설 비공개접촉,금강산면회소건설 제1차 비공개접촉,북측,금강산,김정숙휴양소,2003-09-05,2003-09-07,3
2003,인도,금강산면회소건설 비공개접촉,금강산면회소건설 제2차 비공개접촉,북측,금강산,김정숙휴양소,2003-10-23,2003-10-25,3
2003,인도,남북적십자회담,제5차 남북적십자회담,북측,금강산,금강산여관,2003-11-04,2003-11-06,3
2003,사회문화,대구 하계U대회 실무접촉,대구 하계U대회 실무접촉,북측,금강산,김정숙휴양소,2003-07-04,2003-07-06,3
2002,정치,대통령특사 방북,대통령특사(임동원) 제1차 방북,북측,평양,백화원초대소,2002-04-03,2002-04-05,3
2002,정치,제7차 남북장관급회담 준비를 위한 실무대표접촉,제7차 남북장관급회담 준비를 위한 실무대표접촉,북측,금강산,금강산여관,2002-08-02,2002-08-04,3
2002,정치,남북장관급회담,제7차 남북장관급회담,남측,서울,신라호텔,2002-08-12,2002-08-14,3
2002,정치,남북장관급회담,제8차 남북장관급회담,북측,평양,고려호텔,2002-10-19,2002-10-22,4
2002,군사,남북군사실무회담,제6차 남북군사실무회담,중립,판문점 남측,평화의집,2002-09-14,2002-09-14,1
2002,군사,남북군사실무회담,제7차 남북군사실무회담,중립,판문점 북측,통일각,2002-09-16,2002-09-16,1
2002,군사,남북군사실무회담,제8차 남북군사실무회담,중립,판문점 남측,평화의집,2002-09-17,2002-09-17,1
2002,군사,남북군사실무회담,제9차 남북군사실무회담,중립,판문점 북측,통일각,2002-10-03,2002-10-03,1
2002,군사,남북군사실무회담,제10차 남북군사실무회담,중립,판문점 남측,평화의집,2002-10-11,2002-10-11,1
2002,군사,남북군사실무회담,제11차 남북군사실무회담,중립,판문점 북측,통일각,2002-10-16,2002-10-16,1
2002,군사,남북군사실무회담,제12차 남북군사실무회담,중립,판문점 남측,평화의집,2002-10-25,2002-10-26,2
2002,군사,남북군사실무회담,제13차 남북군사실무회담,중립,판문점 북측,통일각,2002-11-13,2002-11-13,1
2002,군사,남북군사실무회담,제14차 남북군사실무회담,중립,판문점 남측,평화의집,2002-12-23,2002-12-23,1
2002,경제,남북경제협력추진위원회 회의,남북경제협력추진위원회 제2차 회의,남측,서울,그랜드힐튼호텔,2002-08-27,2002-08-30,4
2002,경제,남북경제협력추진위원회 회의,남북경제협력추진위원회 제3차 회의,북측,평양,고려호텔,2002-11-06,2002-11-09,4
2002,경제,금강산관광 남북당국간회담,금강산관광 제2차 남북당국간회담,북측,금강산,금강산여관,2002-09-10,2002-09-12,3
2002,경제,남북철도·도로연결 실무협의회,남북철도·도로연결 실무협의회 제1차 회의,북측,금강산,금강산여관,2002-09-13,2002-09-17,5
2002,경제,남북임남댐공동조사 실무접촉,남북임남댐공동조사 실무접촉,북측,금강산,금강산여관,2002-09-16,2002-09-18,3
2002,경제,남북철도·도로연결 실무접촉,남북철도·도로연결 제1차 실무접촉,북측,금강산,금강원,2002-10-12,2002-10-14,3
2002,경제,남북철도·도로연결 실무접촉,남북철도·도로연결 제2차 실무접촉,북측,금강산,금강산여관,2002-11-18,2002-11-20,3
2002,경제,남북철도·도로연결 실무접촉,남북철도·도로연결 제3차 실무접촉,북측,금강산,금강산온천장,2002-12-15,2002-12-17,3
2002,경제,개성공단건설 실무협의회,개성공단건설 실무협의회 제1차 회의,북측,평양,고려호텔,2002-10-30,2002-11-02,4
2002,경제,남북임진강수해방지 실무협의회,남북임진강수해방지 실무협의회 제2차 회의,북측,평양,고려호텔,2002-10-30,2002-11-02,4
2002,경제,남북해운협력 실무접촉,남북해운협력 제1차 실무접촉,북측,금강산,금강산여관,2002-11-18,2002-11-20,3
2002,경제,남북해운협력 실무접촉,남북해운협력 제2차 실무접촉,북측,평양,고려호텔,2002-12-25,2002-12-28,4
2002,경제,개성공단건설 실무접촉,개성공단건설 제1차 실무접촉,북측,금강산,금강산여관,2002-12-06,2002-12-08,3
2002,경제,남북경제협력제도 실무협의회,남북경제협력제도 실무협의회 제1차 회의,남측,서울,그랜드힐튼호텔,2002-12-11,2002-12-13,3
2002,인도,남북적십자회담,제4차 남북적십자회담,북측,금강산,해금강호텔,2002-09-06,2002-09-08,3
2002,인도,남북적십자 실무접촉,제1차 남북적십자 실무접촉,북측,금강산,금강산여관,2002-10-31,2002-11-02,3
2002,인도,남북적십자 실무접촉,제2차 남북적십자 실무접촉,북측,금강산,해금강호텔,2002-12-15,2002-12-17,3
2002,사회문화,부산아시아경기대회 참가를 위한 실무접촉,부산아시아경기대회 참가를 위한 제1차 실무접촉,북측,금강산,금강산여관,2002-08-17,2002-08-19,3
2002,사회문화,부산아시아경기대회 참가를 위한 실무접촉,부산아시아경기대회 참가를 위한 제2차 실무접촉,북측,금강산,금강산여관,2002-08-26,2002-08-28,3
2001,정치,남북장관급회담,제5차 남북장관급회담,남측,서울,올림피아호텔,2001-09-15,2001-09-18,4
2001,정치,남북장관급회담,제6차 남북장관급회담,북측,금강산,금강산여관,2001-11-09,2001-11-14,6
2001,군사,남북군사실무회담,제4차 남북군사실무회담,중립,판문점 남측,평화의집,2001-01-31,2001-01-31,1
2001,군사,남북군사실무회담,제5차 남북군사실무회담,중립,판문점 북측,통일각,2001-02-08,2001-02-08,1
2001,경제,남북전력협력 실무협의회,남북전력협력 실무협의회,북측,평양,고려호텔,2001-02-07,2001-02-10,4
2001,경제,남북임진강수해방지 실무협의회,남북임진강수해방지 실무협의회 제1차 회의,북측,평양,고려호텔,2001-02-21,2001-02-24,4
2001,경제,금강산관광 남북당국간회담,금강산관광 제1차 남북당국간회담,북측,금강산,금강산여관,2001-10-03,2001-10-05,3
2001,인도,남북적십자회담,제3차 남북적십자회담(남북공동선언 이행을 위한),북측,금강산,금강산여관,2001-01-29,2001-01-31,3
2000,정치,2000 남북정상회담 개최 관련 남북특사접촉,2000 남북정상회담 개최 관련 제1차 남북특사접촉,해외,싱가폴,싱가폴,2000-03-09,2000-03-11,3
2000,정치,2000 남북정상회담 개최 관련 남북특사접촉,2000 남북정상회담 개최 관련 제2차 남북특사접촉,해외,중국 상해,중국 상해,2000-03-17,2000-03-17,1
2000,정치,2000 남북정상회담 개최 관련 남북특사접촉,2000 남북정상회담 개최 관련 제3차 남북특사접촉,해외,중국 북경,중국 북경,2000-03-23,2000-03-23,1
2000,정치,2000 남북정상회담 개최 관련 남북특사접촉,2000 남북정상회담 개최 관련 제4차 남북특사접촉,해외,중국 북경,중국 북경,2000-04-08,2000-04-08,1
2000,정치,2000 남북정상회담 개최를 위한 준비접촉,2000 남북정상회담 개최를 위한 제1차 준비접촉,중립,판문점 남측,평화의집,2000-04-22,2000-04-22,1
2000,정치,2000 남북정상회담 개최를 위한 준비접촉,2000 남북정상회담 개최를 위한 제2차 준비접촉,중립,판문점 북측,통일각,2000-04-27,2000-04-27,1
2000,정치,2000 남북정상회담 개최를 위한 준비접촉,2000 남북정상회담 개최를 위한 제3차 준비접촉,중립,판문점 남측,평화의집,2000-05-03,2000-05-03,1
2000,정치,2000 남북정상회담 개최를 위한 준비접촉,2000 남북정상회담 개최를 위한 제4차 준비접촉,중립,판문점 북측,통일각,2000-05-08,2000-05-08,1
2000,정치,2000 남북정상회담 개최를 위한 준비접촉,2000 남북정상회담 개최를 위한 제5차 준비접촉,중립,판문점 남측,평화의집,2000-05-18,2000-05-18,1
2000,정치,2000 남북정상회담 관련 통신·보도 실무협의접촉,2000 남북정상회담 관련 제1차 통신·보도 실무협의접촉,중립,판문점 남측,평화의집,2000-05-13,2000-05-13,1
2000,정치,2000 남북정상회담 관련 통신·보도 실무협의접촉,2000 남북정상회담 관련 제2차 통신·보도 실무협의접촉,중립,판문점 북측,통일각,2000-05-17,2000-05-17,1
2000,정치,2000 남북정상회담 관련 경호·의전 실무협의접촉,2000 남북정상회담 관련 경호·의전 실무협의접촉,중립,판문점 북측,통일각,2000-05-16,2000-05-16,1
2000,정치,남북정상회담,2000 남북정상회담,북측,평양,백화원초대소,2000-06-13,2000-06-15,3
2000,정치,남북장관급회담,제1차 남북장관급회담,남측,서울,신라호텔,2000-07-29,2000-07-31,3
2000,정치,남북장관급회담,제2차 남북장관급회담,북측,평양,고려호텔,2000-08-29,2000-09-01,4
2000,정치,남북장관급회담,제3차 남북장관급회담,남측,제주,롯데호텔,2000-09-27,2000-09-30,4
2000,정치,남북장관급회담,제4차 남북장관급회담,북측,평양,고려호텔,2000-12-12,2000-12-16,5
2000,정치,특사 방남,특사(김용순) 방남,남측,서울,신라호텔,2000-09-11,2000-09-14,4
2000,군사,남북국방장관회담,제1차 남북국방장관회담,남측,제주,롯데호텔,2000-09-25,2000-09-26,2
2000,군사,남북군사실무회담,제1차 남북군사실무회담,중립,판문점 북측,통일각,2000-11-28,2000-11-28,1
2000,군사,남북군사실무회담,제2차 남북군사실무회담,중립,판문점 남측,평화의집,2000-12-05,2000-12-05,1
2000,군사,남북군사실무회담,제3차 남북군사실무회담,중립,판문점 북측,통일각,2000-12-21,2000-12-21,1
2000,경제,남북경제협력 실무접촉,남북경제협력 제1차 실무접촉,남측,서울,통일부 남북회담사무국,2000-09-25,2000-09-26,2
2000,경제,남북경제협력 실무접촉,남북경제협력 제2차 실무접촉,북측,평양,고려호텔,2000-11-08,2000-11-11,4
2000,경제,남북경제협력추진위원회 회의,남북경제협력추진위원회 제1차 회의,북측,평양,고려호텔,2000-12-27,2000-12-30,4
2000,인도,남북적십자회담,제1차 남북적십자회담(남북공동선언 이행을 위한),북측,금강산,해금강호텔,2000-06-27,2000-06-30,4
2000,인도,남북적십자회담,제2차 남북적십자회담(남북공동선언 이행을 위한),북측,금강산,해금강호텔,2000-09-20,2000-09-23,4
1999,정치,북경 남북비공개 접촉,북경 남북비공개 제1차 접촉,해외,중국 북경,장성쉐라톤호텔,1999-05-12,1999-05-14,3
1999,정치,북경 남북비공개 접촉,북경 남북비공개 제2차 접촉,해외,중국 북경,장성쉐라톤호텔,1999-05-23,1999-05-25,3
1999,정치,북경 남북비공개 접촉,북경 남북비공개 제3차 접촉,해외,중국 북경,장성쉐라톤호텔,1999-05-29,1999-06-03,6
1999,정치,남북 차관급당국회담,제1차 남북 차관급당국회담,해외,중국 북경,중국 북경,1999-06-22,1999-06-26,5
1999,정치,남북 차관급당국회담,제2차 남북 차관급당국회담,해외,중국 북경,중국 북경,1999-07-01,1999-07-03,3
1998,정치,남북당국대표회담을 위한 비공개접촉,남북당국대표회담을 위한 비공개접촉,해외,중국 북경,중국 북경,1998-03-28,1998-03-30,3
1998,정치,남북당국대표회담,남북당국대표회담,해외,중국 북경,중국 북경,1998-04-11,1998-04-17,7
1998,인도,대북 구호물자 전달을 위한 남북적십자 대표접촉,대북 구호물자 전달을 위한 제5차 남북적십자 대표접촉,해외,중국 북경,중국 북경,1998-03-25,1998-03-27,3
1997,인도,대북 구호물자 전달을 위한 남북적십자 대표접촉,대북 구호물자 전달을 위한 제1차 남북적십자 대표접촉,해외,중국 북경,중국 북경,1997-05-03,1997-05-05,3
1997,인도,대북 구호물자 전달을 위한 남북적십자 대표접촉,대북 구호물자 전달을 위한 제2차 남북적십자 대표접촉,해외,중국 북경,중국 북경,1997-05-23,1997-05-26,4
1997,인도,대북 구호물자 전달을 위한 남북적십자 대표접촉,대북 구호물자 전달을 위한 제3차 남북적십자 대표접촉,해외,중국 북경,중국 북경,1997-07-23,1997-07-25,3
1997,인도,대북 구호물자 전달을 위한 남북적십자 대표접촉,대북 구호물자 전달을 위한 제4차 남북적십자 대표접촉,해외,중국 북경,중국 북경,1997-12-23,1997-12-24,2
1995,인도,대북 쌀지원을 위한 북경회담,대북 쌀지원을 위한 제1차 북경회담,해외,중국 북경,중국 북경,1995-06-17,1995-06-21,5
1995,인도,대북 쌀지원을 위한 북경회담,대북 쌀지원을 위한 제2차 북경회담,해외,중국 북경,중국 북경,1995-07-15,1995-07-19,5
1995,인도,대북 쌀지원을 위한 북경회담,대북 쌀지원을 위한 제3차 북경회담,해외,중국 북경,중국 북경,1995-09-26,1995-10-01,6
1994,정치,특사교환을 위한 실무대표접촉,특사교환을 위한 제4차 실무대표접촉,중립,판문점 남측,평화의집,1994-03-03,1994-03-03,1
1994,정치,특사교환을 위한 실무대표접촉,특사교환을 위한 제5차 실무대표접촉,중립,판문점 북측,통일각,1994-03-09,1994-03-09,1
1994,정치,특사교환을 위한 실무대표접촉,특사교환을 위한 제6차 실무대표접촉,중립,판문점 남측,평화의집,1994-03-12,1994-03-12,1
1994,정치,특사교환을 위한 실무대표접촉,특사교환을 위한 제7차 실무대표접촉,중립,판문점 북측,통일각,1994-03-16,1994-03-16,1
1994,정치,특사교환을 위한 실무대표접촉,특사교환을 위한 제8차 실무대표접촉,중립,판문점 남측,평화의집,1994-03-19,1994-03-19,1
1994,정치,1994년 남북정상회담 예비접촉,1994년 남북정상회담 예비접촉,중립,판문점 남측,평화의집,1994-06-28,1994-06-28,1
1994,정치,1994년 남북정상회담 실무절차 협의를 위한 대표접촉,1994년 남북정상회담 실무절차 협의를 위한 제1차 대표접촉,중립,판문점 북측,통일각,1994-07-01,1994-07-01,1
1994,정치,1994년 남북정상회담 실무절차 협의를 위한 대표접촉,1994년 남북정상회담 실무절차 협의를 위한 제2차 대표접촉,중립,판문점 남측,평화의집,1994-07-02,1994-07-02,1
1994,정치,1994년 남북정상회담 개최를 위한 통신실무자접촉,1994년 남북정상회담 개최를 위한 통신실무자접촉,중립,판문점 남측,평화의집,1994-07-07,1994-07-07,1
1994,정치,1994년 남북정상회담 개최를 위한 경호실무자접촉,1994년 남북정상회담 개최를 위한 경호실무자접촉,중립,판문점 북측,통일각,1994-07-08,1994-07-08,1
1993,정치,남북고위급회담 핵통제공동위원회 위원장접촉,남북고위급회담 핵통제공동위원회 위원장접촉,중립,판문점 중립,중감위회의실,1993-01-25,1993-01-25,1
1993,정치,특사교환을 위한 실무대표접촉,특사교환을 위한 제1차 실무대표접촉,중립,판문점 북측,통일각,1993-10-05,1993-10-05,1
1993,정치,특사교환을 위한 실무대표접촉,특사교환을 위한 제2차 실무대표접촉,중립,판문점 남측,평화의집,1993-10-15,1993-10-15,1
1993,정치,특사교환을 위한 실무대표접촉,특사교환을 위한 제3차 실무대표접촉,중립,판문점 북측,통일각,1993-10-25,1993-10-25,1
1992,정치,남북고위급회담 비핵화공동선언 문본교환을 위한 대표접촉,남북고위급회담 비핵화공동선언 문본교환을 위한 제1차 대표접촉,중립,판문점 중립,중감위회의실,1992-01-14,1992-01-14,1
1992,정치,남북고위급회담 비핵화공동선언 문본교환을 위한 대표접촉,남북고위급회담 비핵화공동선언 문본교환을 위한 제2차 대표접촉,중립,판문점 중립,중감위회의실,1992-01-21,1992-01-21,1
1992,정치,남북고위급회담 분과위원회 구성·운영문제 협의를 위한 대표접촉,남북고위급회담 분과위원회 구성·운영문제 협의를 위한 제1차 대표접촉,중립,판문점 남측,평화의집,1992-01-23,1992-01-23,1
1992,정치,남북고위급회담 분과위원회 구성·운영문제 협의를 위한 대표접촉,남북고위급회담 분과위원회 구성·운영문제 협의를 위한 제2차 대표접촉,중립,판문점 북측,통일각,1992-01-29,1992-01-29,1
1992,정치,남북고위급회담 분과위원회 구성·운영문제 협의를 위한 대표접촉,남북고위급회담 분과위원회 구성·운영문제 협의를 위한 제3차 대표접촉,중립,판문점 남측,평화의집,1992-02-07,1992-02-07,1
1992,정치,남북고위급회담 본회담,제6차 남북고위급회담 본회담,북측,평양,인민문화궁전,1992-02-18,1992-02-21,4
1992,정치,남북고위급회담 본회담,제7차 남북고위급회담 본회담,남측,서울,신라호텔,1992-05-05,1992-05-08,4
1992,정치,남북고위급회담 본회담,제8차 남북고위급회담 본회담,북측,평양,인민문화궁전,1992-09-15,1992-09-18,4
1992,정치,남북고위급회담 남북핵통제공동위원회 구성·운영문제 협의를 위한 대표접촉,남북고위급회담 남북핵통제공동위원회 구성·운영문제 협의를 위한 제1차 대표접촉,북측,평양,백화원초대소,1992-02-19,1992-02-19,1
1992,정치,남북고위급회담 남북핵통제공동위원회 구성·운영문제 협의를 위한 대표접촉,남북고위급회담 남북핵통제공동위원회 구성·운영문제 협의를 위한 제2차 대표접촉,중립,판문점 북측,통일각,1992-02-27,1992-02-27,1
1992,정치,남북고위급회담 남북핵통제공동위원회 구성·운영문제 협의를 위한 대표접촉,남북고위급회담 남북핵통제공동위원회 구성·운영문제 협의를 위한 제3차 대표접촉,중립,판문점 남측,평화의집,1992-03-03,1992-03-03,1
1992,정치,남북고위급회담 남북핵통제공동위원회 구성·운영문제 협의를 위한 대표접촉,남북고위급회담 남북핵통제공동위원회 구성·운영문제 협의를 위한 제4차 대표접촉,중립,판문점 북측,통일각,1992-03-04,1992-03-04,1
1992,정치,남북고위급회담 남북핵통제공동위원회 구성·운영문제 협의를 위한 대표접촉,남북고위급회담 남북핵통제공동위원회 구성·운영문제 협의를 위한 제5차 대표접촉,중립,판문점 남측,평화의집,1992-03-06,1992-03-06,1
1992,정치,남북고위급회담 남북핵통제공동위원회 구성·운영문제 협의를 위한 대표접촉,남북고위급회담 남북핵통제공동위원회 구성·운영문제 협의를 위한 제6차 대표접촉,중립,판문점 북측,통일각,1992-03-10,1992-03-10,1
1992,정치,남북고위급회담 남북핵통제공동위원회 구성·운영문제 협의를 위한 대표접촉,남북고위급회담 남북핵통제공동위원회 구성·운영문제 협의를 위한 제7차 대표접촉,중립,판문점 남측,평화의집,1992-03-14,1992-03-14,1
1992,정치,남북고위급회담 정치분과위원회 회의,남북고위급회담 정치분과위원회 제1차 회의,중립,판문점 남측,평화의집,1992-03-09,1992-03-09,1
1992,정치,남북고위급회담 정치분과위원회 회의,남북고위급회담 정치분과위원회 제2차 회의,중립,판문점 북측,통일각,1992-03-27,1992-03-27,1
1992,정치,남북고위급회담 정치분과위원회 회의,남북고위급회담 정치분과위원회 제3차 회의,중립,판문점 남측,평화의집,1992-04-23,1992-04-23,1
1992,정치,남북고위급회담 정치분과위원회 회의,남북고위급회담 정치분과위원회 제4차 회의,중립,판문점 북측,통일각,1992-05-19,1992-05-19,1
1992,정치,남북고위급회담 정치분과위원회 회의,남북고위급회담 정치분과위원회 제5차 회의,중립,판문점 남측,평화의집,1992-06-09,1992-06-09,1
1992,정치,남북고위급회담 정치분과위원회 회의,남북고위급회담 정치분과위원회 제6차 회의,중립,판문점 북측,통일각,1992-07-02,1992-07-02,1
1992,정치,남북고위급회담 정치분과위원회 회의,남북고위급회담 정치분과위원회 제7차 회의,중립,판문점 남측,평화의집,1992-08-28,1992-08-28,1
1992,정치,남북고위급회담 군사분과위원회 회의,남북고위급회담 군사분과위원회 제1차 회의,중립,판문점 북측,통일각,1992-03-13,1992-03-13,1
1992,정치,남북고위급회담 군사분과위원회 회의,남북고위급회담 군사분과위원회 제2차 회의,중립,판문점 남측,평화의집,1992-03-31,1992-03-31,1
1992,정치,남북고위급회담 군사분과위원회 회의,남북고위급회담 군사분과위원회 제3차 회의,중립,판문점 북측,통일각,1992-04-30,1992-04-30,1
1992,정치,남북고위급회담 군사분과위원회 회의,남북고위급회담 군사분과위원회 제4차 회의,중립,판문점 북측,통일각,1992-05-25,1992-05-25,1
1992,정치,남북고위급회담 군사분과위원회 회의,남북고위급회담 군사분과위원회 제5차 회의,중립,판문점 북측,통일각,1992-06-19,1992-06-19,1
1992,정치,남북고위급회담 군사분과위원회 회의,남북고위급회담 군사분과위원회 제6차 회의,중립,판문점 남측,평화의집,1992-07-16,1992-07-16,1
1992,정치,남북고위급회담 군사분과위원회 회의,남북고위급회담 군사분과위원회 제7차 회의,중립,판문점 남측,평화의집,1992-08-26,1992-08-26,1
1992,정치,남북고위급회담 군사분과위원회 회의,남북고위급회담 군사분과위원회 제8차 회의,중립,판문점 북측,통일각,1992-09-05,1992-09-05,1
1992,정치,남북고위급회담 교류·협력분과위원회 회의,남북고위급회담 교류·협력분과위원회 제1차 회의,중립,판문점 남측,평화의집,1992-03-18,1992-03-18,1
1992,정치,남북고위급회담 교류·협력분과위원회 회의,남북고위급회담 교류·협력분과위원회 제2차 회의,중립,판문점 북측,통일각,1992-04-18,1992-04-18,1
1992,정치,남북고위급회담 교류·협력분과위원회 회의,남북고위급회담 교류·협력분과위원회 제3차 회의,중립,판문점 남측,평화의집,1992-04-27,1992-04-27,1
1992,정치,남북고위급회담 교류·협력분과위원회 회의,남북고위급회담 교류·협력분과위원회 제4차 회의,중립,판문점 북측,통일각,1992-05-30,1992-05-30,1
1992,정치,남북고위급회담 교류·협력분과위원회 회의,남북고위급회담 교류·협력분과위원회 제5차 회의,중립,판문점 남측,평화의집,1992-06-26,1992-06-26,1
1992,정치,남북고위급회담 교류·협력분과위원회 회의,남북고위급회담 교류·협력분과위원회 제6차 회의,중립,판문점 북측,통일각,1992-07-28,1992-07-28,1
1992,정치,남북고위급회담 교류·협력분과위원회 회의,남북고위급회담 교류·협력분과위원회 제7차 회의,중립,판문점 남측,평화의집,1992-09-03,1992-09-03,1
1992,정치,남북고위급회담 핵통제공동위원회 회의,남북고위급회담 핵통제공동위원회 제1차 회의,중립,판문점 북측,통일각,1992-03-19,1992-03-19,1
1992,정치,남북고위급회담 핵통제공동위원회 회의,남북고위급회담 핵통제공동위원회 제2차 회의,중립,판문점 남측,평화의집,1992-04-01,1992-04-01,1
1992,정치,남북고위급회담 핵통제공동위원회 회의,남북고위급회담 핵통제공동위원회 제3차 회의,중립,판문점 북측,통일각,1992-04-21,1992-04-21,1
1992,정치,남북고위급회담 핵통제공동위원회 회의,남북고위급회담 핵통제공동위원회 제4차 회의,중립,판문점 남측,평화의집,1992-05-12,1992-05-12,1
1992,정치,남북고위급회담 핵통제공동위원회 회의,남북고위급회담 핵통제공동위원회 제5차 회의,중립,판문점 북측,통일각,1992-05-27,1992-05-27,1
1992,정치,남북고위급회담 핵통제공동위원회 회의,남북고위급회담 핵통제공동위원회 제6차 회의,중립,판문점 남측,평화의집,1992-06-30,1992-06-30,1
1992,정치,남북고위급회담 핵통제공동위원회 회의,남북고위급회담 핵통제공동위원회 제7차 회의,중립,판문점 북측,통일각,1992-07-21,1992-07-21,1
1992,정치,남북고위급회담 핵통제공동위원회 회의,남북고위급회담 핵통제공동위원회 제8차 회의,중립,판문점 남측,평화의집,1992-08-31,1992-08-31,1
1992,정치,남북고위급회담 핵통제공동위원회 회의,남북고위급회담 핵통제공동위원회 제9차 회의,중립,판문점 북측,통일각,1992-10-22,1992-10-22,1
1992,정치,남북고위급회담 핵통제공동위원회 회의,남북고위급회담 핵통제공동위원회 제10차 회의,중립,판문점 남측,평화의집,1992-11-18,1992-11-18,1
1992,정치,남북고위급회담 핵통제공동위원회 회의,남북고위급회담 핵통제공동위원회 제11차 회의,중립,판문점 북측,통일각,1992-11-27,1992-11-27,1
1992,정치,남북고위급회담 핵통제공동위원회 회의,남북고위급회담 핵통제공동위원회 제12차 회의,중립,판문점 남측,평화의집,1992-12-10,1992-12-10,1
1992,정치,남북고위급회담 핵통제공동위원회 회의,남북고위급회담 핵통제공동위원회 제13차 회의,중립,판문점 북측,통일각,1992-12-17,1992-12-17,1
1992,정치,남북고위급회담 교류·협력분과위원회 위원접촉,남북고위급회담 교류·협력분과위원회 제1차 위원접촉,중립,판문점 중립,중감위회의실,1992-03-25,1992-03-25,1
1992,정치,남북고위급회담 교류·협력분과위원회 위원접촉,남북고위급회담 교류·협력분과위원회 제2차 위원접촉,중립,판문점 중립,중감위회의실,1992-04-02,1992-04-02,1
1992,정치,남북고위급회담 교류·협력분과위원회 위원접촉,남북고위급회담 교류·협력분과위원회 제3차 위원접촉,중립,판문점 중립,중감위회의실,1992-04-10,1992-04-10,1
1992,정치,남북고위급회담 교류·협력분과위원회 위원접촉,남북고위급회담 교류·협력분과위원회 제4차 위원접촉,중립,판문점 중립,중감위회의실,1992-04-28,1992-04-28,1
1992,정치,남북고위급회담 교류·협력분과위원회 위원접촉,남북고위급회담 교류·협력분과위원회 제5차 위원접촉,중립,판문점 중립,중감위회의실,1992-08-10,1992-08-10,1
1992,정치,남북고위급회담 교류·협력분과위원회 위원접촉,남북고위급회담 교류·협력분과위원회 제6차 위원접촉,중립,판문점 중립,중감위회의실,1992-08-21,1992-08-21,1
1992,정치,남북고위급회담 정치분과위원회 위원접촉,남북고위급회담 정치분과위원회 제1차 위원접촉,중립,판문점 중립,중감위회의실,1992-04-29,1992-04-29,1
1992,정치,남북고위급회담 정치분과위원회 위원접촉,남북고위급회담 정치분과위원회 제2차 위원접촉,중립,판문점 중립,중감위회의실,1992-07-18,1992-07-18,1
1992,정치,남북고위급회담 정치분과위원회 위원접촉,남북고위급회담 정치분과위원회 제3차 위원접촉,중립,판문점 중립,중감위회의실,1992-07-30,1992-07-30,1
1992,정치,남북고위급회담 정치분과위원회 위원접촉,남북고위급회담 정치분과위원회 제4차 위원접촉,중립,판문점 중립,중감위회의실,1992-08-05,1992-08-05,1
1992,정치,남북고위급회담 정치분과위원회 위원접촉,남북고위급회담 정치분과위원회 제5차 위원접촉,중립,판문점 중립,중감위회의실,1992-08-19,1992-08-19,1
1992,정치,남북고위급회담 핵통제공동위원회 위원접촉,남북고위급회담 핵통제공동위원회 제1차 위원접촉,중립,판문점 중립,중감위회의실,1992-05-15,1992-05-15,1
1992,정치,남북고위급회담 핵통제공동위원회 위원접촉,남북고위급회담 핵통제공동위원회 제2차 위원접촉,중립,판문점 중립,중감위회의실,1992-05-20,1992-05-20,1
1992,정치,남북고위급회담 핵통제공동위원회 위원접촉,남북고위급회담 핵통제공동위원회 제3차 위원접촉,중립,판문점 중립,중감위회의실,1992-05-23,1992-05-23,1
1992,정치,남북고위급회담 핵통제공동위원회 위원접촉,남북고위급회담 핵통제공동위원회 제4차 위원접촉,중립,판문점 중립,중감위회의실,1992-09-19,1992-09-19,1
1992,정치,남북고위급회담 핵통제공동위원회 위원접촉,남북고위급회담 핵통제공동위원회 제5차 위원접촉,중립,판문점 중립,중감위회의실,1992-09-30,1992-09-30,1
1992,정치,남북고위급회담 핵통제공동위원회 위원접촉,남북고위급회담 핵통제공동위원회 제6차 위원접촉,중립,판문점 중립,중감위회의실,1992-10-14,1992-10-14,1
1992,정치,남북고위급회담 핵통제공동위원회 위원접촉,남북고위급회담 핵통제공동위원회 제7차 위원접촉,중립,판문점 중립,중감위회의실,1992-10-29,1992-10-29,1
1992,정치,남북고위급회담 핵통제공동위원회 위원접촉,남북고위급회담 핵통제공동위원회 제8차 위원접촉,중립,판문점 중립,중감위회의실,1992-12-14,1992-12-14,1
1992,정치,남북고위급회담 정치분과위원회 위원장접촉,남북고위급회담 정치분과위원회 제1차 위원장접촉,중립,판문점 남측,평화의집,1992-07-10,1992-07-10,1
1992,정치,남북고위급회담 정치분과위원회 위원장접촉,남북고위급회담 정치분과위원회 제2차 위원장접촉,중립,판문점 북측,통일각,1992-09-04,1992-09-04,1
1992,정치,남북고위급회담 정치분과위원회 위원장접촉,남북고위급회담 정치분과위원회 제3차 위원장접촉,중립,판문점 남측,평화의집,1992-09-08,1992-09-08,1
1992,정치,남북고위급회담 군사분과위원회 위원장접촉,남북고위급회담 군사분과위원회 위원장접촉,중립,판문점 북측,통일각,1992-07-23,1992-07-23,1
1992,정치,남북고위급회담 군사분과위원회 위원접촉,남북고위급회담 군사분과위원회 제1차 위원접촉,중립,판문점 중립,중감위회의실,1992-08-03,1992-08-03,1
1992,정치,남북고위급회담 군사분과위원회 위원접촉,남북고위급회담 군사분과위원회 제2차 위원접촉,중립,판문점 중립,중감위회의실,1992-08-12,1992-08-12,1
1992,정치,남북고위급회담 군사분과위원회 위원접촉,남북고위급회담 군사분과위원회 제3차 위원접촉,중립,판문점 중립,중감위회의실,1992-08-20,1992-08-20,1
1992,정치,남북고위급회담 교류·협력분과위원회 위원장접촉,남북고위급회담 교류·협력분과위원회 위원장접촉,중립,판문점 북측,통일각,1992-09-07,1992-09-07,1
1992,정치,남북고위급회담 이인모문제와 이산가족면회소설치문제 협의 대표접촉,남북고위급회담 이인모문제와 이산가족면회소설치문제 협의 제1차 대표접촉,중립,판문점 북측,통일각,1992-10-01,1992-10-01,1
1992,정치,남북고위급회담 이인모문제와 이산가족면회소설치문제 협의 대표접촉,남북고위급회담 이인모문제와 이산가족면회소설치문제 협의 제2차 대표접촉,중립,판문점 남측,평화의집,1992-10-05,1992-10-05,1
1992,정치,남북고위급회담 남북군사직통전화 설치·운영을 위한 통신실무자접촉,남북고위급회담 남북군사직통전화 설치·운영을 위한 통신실무자접촉,중립,판문점 중립,중감위회의실,1992-10-28,1992-10-28,1
1992,인도,이산가족 노부모방문단 및 예술단 교환 관련 적십자실무대표접촉,이산가족 노부모방문단 및 예술단 교환 관련 제1차 적십자실무대표접촉,중립,판문점 중립,중감위회의실,1992-06-05,1992-06-05,1
1992,인도,이산가족 노부모방문단 및 예술단 교환 관련 적십자실무대표접촉,이산가족 노부모방문단 및 예술단 교환 관련 제2차 적십자실무대표접촉,중립,판문점 중립,중감위회의실,1992-06-12,1992-06-12,1
1992,인도,이산가족 노부모방문단 및 예술단 교환 관련 적십자실무대표접촉,이산가족 노부모방문단 및 예술단 교환 관련 제3차 적십자실무대표접촉,중립,판문점 중립,중감위회의실,1992-06-22,1992-06-22,1
1992,인도,이산가족 노부모방문단 및 예술단 교환 관련 적십자실무대표접촉,이산가족 노부모방문단 및 예술단 교환 관련 제4차 적십자실무대표접촉,중립,판문점 중립,중감위회의실,1992-07-08,1992-07-08,1
1992,인도,이산가족 노부모방문단 및 예술단 교환 관련 적십자실무대표접촉,이산가족 노부모방문단 및 예술단 교환 관련 제5차 적십자실무대표접촉,중립,판문점 중립,중감위회의실,1992-07-14,1992-07-14,1
1992,인도,이산가족 노부모방문단 및 예술단 교환 관련 적십자실무대표접촉,이산가족 노부모방문단 및 예술단 교환 관련 제6차 적십자실무대표접촉,중립,판문점 중립,중감위회의실,1992-07-20,1992-07-20,1
1992,인도,이산가족 노부모방문단 및 예술단 교환 관련 적십자실무대표접촉,이산가족 노부모방문단 및 예술단 교환 관련 제7차 적십자실무대표접촉,중립,판문점 중립,중감위회의실,1992-07-25,1992-07-25,1
1992,인도,이산가족 노부모방문단 및 예술단 교환 관련 적십자실무대표접촉,이산가족 노부모방문단 및 예술단 교환 관련 제8차 적십자실무대표접촉,중립,판문점 중립,중감위회의실,1992-08-07,1992-08-07,1
1991,정치,제4차 남북고위급회담 준비를 위한 실무대표접촉,제4차 남북고위급회담 준비를 위한 제1차 실무대표접촉,중립,판문점 남측,평화의집,1991-08-05,1991-08-05,1
1991,정치,제4차 남북고위급회담 준비를 위한 실무대표접촉,제4차 남북고위급회담 준비를 위한 제2차 실무대표접촉,중립,판문점 북측,통일각,1991-08-10,1991-08-10,1
1991,정치,제4차 남북고위급회담 준비를 위한 실무대표접촉,제4차 남북고위급회담 준비를 위한 제3차 실무대표접촉,중립,판문점 남측,평화의집,1991-08-16,1991-08-16,1
1991,정치,남북고위급회담 본회담,제4차 남북고위급회담 본회담,북측,평양,인민문화궁전,1991-10-22,1991-10-25,4
1991,정치,남북고위급회담 본회담,제5차 남북고위급회담 본회담,남측,서울,쉐라톤워커힐호텔,1991-12-10,1991-12-13,4
1991,정치,남북고위급회담 단일합의서 문안정리를 위한 대표접촉,남북고위급회담 단일합의서 문안정리를 위한 제1차 대표접촉,중립,판문점 북측,통일각,1991-11-11,1991-11-11,1
1991,정치,남북고위급회담 단일합의서 문안정리를 위한 대표접촉,남북고위급회담 단일합의서 문안정리를 위한 제2차 대표접촉,중립,판문점 남측,평화의집,1991-11-15,1991-11-15,1
1991,정치,남북고위급회담 단일합의서 문안정리를 위한 대표접촉,남북고위급회담 단일합의서 문안정리를 위한 제3차 대표접촉,중립,판문점 북측,통일각,1991-11-20,1991-11-20,1
1991,정치,남북고위급회담 단일합의서 문안정리를 위한 대표접촉,남북고위급회담 단일합의서 문안정리를 위한 제4차 대표접촉,중립,판문점 남측,평화의집,1991-11-26,1991-11-26,1
1991,정치,남북고위급회담 핵문제협의를 위한 대표접촉,남북고위급회담 핵문제협의를 위한 제1차 대표접촉,중립,판문점 북측,통일각,1991-12-26,1991-12-26,1
1991,정치,남북고위급회담 핵문제협의를 위한 대표접촉,남북고위급회담 핵문제협의를 위한 제2차 대표접촉,중립,판문점 남측,평화의집,1991-12-28,1991-12-28,1
1991,정치,남북고위급회담 핵문제협의를 위한 대표접촉,남북고위급회담 핵문제협의를 위한 제3차 대표접촉,중립,판문점 북측,통일각,1991-12-31,1991-12-31,1
1991,사회문화,국제경기 단일팀 구성·참가위한 남북체육회담,국제경기 단일팀 구성·참가위한 제2차 남북체육회담,중립,판문점 남측,평화의집,1991-01-15,1991-01-15,1
1991,사회문화,국제경기 단일팀 구성·참가위한 남북체육회담,국제경기 단일팀 구성·참가위한 제3차 남북체육회담,중립,판문점 북측,통일각,1991-01-30,1991-01-30,1
1991,사회문화,국제경기 단일팀 구성·참가위한 남북체육회담,국제경기 단일팀 구성·참가위한 제4차 남북체육회담,중립,판문점 남측,평화의집,1991-02-12,1991-02-12,1
1991,사회문화,국제경기 단일팀 구성·참가위한 탁구단일팀 실무위원회,국제경기 단일팀 구성·참가위한 제1차 탁구단일팀 실무위원회,중립,판문점 북측,통일각,1991-02-21,1991-02-21,1
1991,사회문화,국제경기 단일팀 구성·참가위한 탁구단일팀 실무위원회,국제경기 단일팀 구성·참가위한 제2차 탁구단일팀 실무위원회,중립,판문점 남측,평화의집,1991-02-27,1991-02-27,1
1991,사회문화,국제경기 단일팀 구성·참가위한 축구단일팀 실무위원회,국제경기 단일팀 구성·참가위한 제1차 축구단일팀 실무위원회,중립,판문점 남측,평화의집,1991-02-22,1991-02-22,1
1991,사회문화,국제경기 단일팀 구성·참가위한 축구단일팀 실무위원회,국제경기 단일팀 구성·참가위한 제2차 축구단일팀 실무위원회,중립,판문점 북측,통일각,1991-02-26,1991-02-26,1
1990,정치,남북국회회담 준비접촉,남북국회회담 제10차 준비접촉,중립,판문점 남측,평화의집,1990-01-24,1990-01-24,1
1990,정치,남북고위급회담 예비회담,남북고위급회담 제6차 예비회담,중립,판문점 북측,통일각,1990-01-31,1990-01-31,1
1990,정치,남북고위급회담 예비회담,남북고위급회담 제7차 예비회담,중립,판문점 남측,평화의집,1990-07-03,1990-07-03,1
1990,정치,남북고위급회담 예비회담,남북고위급회담 제8차 예비회담,중립,판문점 북측,통일각,1990-07-26,1990-07-26,1
1990,정치,남북고위급회담 예비회담 실무대표접촉,남북고위급회담 예비회담 제1차 실무대표접촉,중립,판문점 중립,중감위회의실,1990-07-06,1990-07-06,1
1990,정치,남북고위급회담 예비회담 실무대표접촉,남북고위급회담 예비회담 제2차 실무대표접촉,중립,판문점 중립,중감위회의실,1990-07-12,1990-07-12,1
1990,정치,남북고위급회담 본회담,제1차 남북고위급회담 본회담,남측,서울,인터콘티넨탈호텔,1990-09-04,1990-09-07,4
1990,정치,남북고위급회담 본회담,제2차 남북고위급회담 본회담,북측,평양,인민문화궁전,1990-10-16,1990-10-19,4
1990,정치,남북고위급회담 본회담,제3차 남북고위급회담 본회담,남측,서울,신라호텔,1990-12-11,1990-12-14,4
1990,정치,남북고위급회담 UN가입 관련 실무대표접촉,남북고위급회담 UN가입 관련 제1차 실무대표접촉,중립,판문점 중립,중감위회의실,1990-09-18,1990-09-18,1
1990,정치,남북고위급회담 UN가입 관련 실무대표접촉,남북고위급회담 UN가입 관련 제2차 실무대표접촉,중립,판문점 중립,중감위회의실,1990-10-05,1990-10-05,1
1990,정치,남북고위급회담 UN가입 관련 실무대표접촉,남북고위급회담 UN가입 관련 제3차 실무대표접촉,중립,판문점 중립,중감위회의실,1990-11-09,1990-11-09,1
1990,정치,제3차 남북고위급회담 개최를 위한 실무대표접촉,제3차 남북고위급회담 개최를 위한 제1차 실무대표접촉,중립,판문점 북측,통일각,1990-11-21,1990-11-21,1
1990,정치,제3차 남북고위급회담 개최를 위한 실무대표접촉,제3차 남북고위급회담 개최를 위한 제2차 실무대표접촉,중립,판문점 남측,평화의집,1990-11-27,1990-11-27,1
1990,정치,제3차 남북고위급회담 개최를 위한 실무대표접촉,제3차 남북고위급회담 개최를 위한 제3차 실무대표접촉,중립,판문점 북측,통일각,1990-12-01,1990-12-01,1
1990,인도,제2차 고향방문 및 예술공연단 교환 관련 실무대표접촉(수석대표단독접촉),제2차 고향방문 및 예술공연단 교환 관련 제2차 실무대표접촉(수석대표단독,중립,판문점 중립,중감위회의실,1990-11-07,1990-11-07,1
1990,인도,제2차 고향방문 및 예술공연단 교환 관련 실무대표접촉,제2차 고향방문 및 예술공연단 교환 관련 제8차 실무대표접촉,중립,판문점 중립,중감위회의실,1990-11-08,1990-11-08,1
1990,사회문화,90북경 아시아 경기대회 단일팀 구성·참가 관련 실무대표접촉,90북경 아시아 경기대회 단일팀 구성·참가 관련 제4차 실무대표접촉,중립,판문점 중립,중감위회의실,1990-01-10,1990-01-10,1
1990,사회문화,90북경 아시아 경기대회 단일팀 구성·참가 관련 실무대표접촉,90북경 아시아 경기대회 단일팀 구성·참가 관련 제5차 실무대표접촉,중립,판문점 중립,중감위회의실,1990-01-15,1990-01-15,1
1990,사회문화,90북경 아시아 경기대회 단일팀 구성·참가 관련 실무대표접촉,90북경 아시아 경기대회 단일팀 구성·참가 관련 제6차 실무대표접촉,중립,판문점 중립,중감위회의실,1990-01-22,1990-01-22,1
1990,사회문화,90북경 아시아 경기대회 단일팀 구성·참가 관련 남북체육회담 본회담,90북경 아시아 경기대회 단일팀 구성·참가 관련 제7차 남북체육회담 본회담,중립,판문점 남측,평화의집,1990-01-18,1990-01-18,1
1990,사회문화,90북경 아시아 경기대회 단일팀 구성·참가 관련 남북체육회담 본회담,90북경 아시아 경기대회 단일팀 구성·참가 관련 제8차 남북체육회담 본회담,중립,판문점 북측,통일각,1990-01-29,1990-01-29,1
1990,사회문화,90북경 아시아 경기대회 단일팀 구성·참가 관련 남북체육회담 본회담,90북경 아시아 경기대회 단일팀 구성·참가 관련 제9차 남북체육회담 본회담,중립,판문점 남측,평화의집,1990-02-07,1990-02-07,1
1990,사회문화,국제경기 단일팀 구성·참가위한 남북체육회담,국제경기 단일팀 구성·참가위한 제1차 남북체육회담,중립,판문점 북측,통일각,1990-11-29,1990-11-29,1
1989,정치,남북고위급회담 예비회담,남북고위급회담 제1차 예비회담,중립,판문점 남측,평화의집,1989-02-08,1989-02-08,1
1989,정치,남북고위급회담 예비회담,남북고위급회담 제2차 예비회담,중립,판문점 북측,통일각,1989-03-02,1989-03-02,1
1989,정치,남북고위급회담 예비회담,남북고위급회담 제3차 예비회담,중립,판문점 남측,평화의집,1989-10-12,1989-10-12,1
1989,정치,남북고위급회담 예비회담,남북고위급회담 제4차 예비회담,중립,판문점 북측,통일각,1989-11-15,1989-11-15,1
1989,정치,남북고위급회담 예비회담,남북고위급회담 제5차 예비회담,중립,판문점 남측,평화의집,1989-12-20,1989-12-20,1
1989,정치,남북국회회담 준비접촉,남북국회회담 제8차 준비접촉,중립,판문점 남측,평화의집,1989-10-25,1989-10-25,1
1989,정치,남북국회회담 준비접촉,남북국회회담 제9차 준비접촉,중립,판문점 북측,통일각,1989-11-29,1989-11-29,1
1989,인도,제2차 고향방문 및 예술공연단 교환 관련 실무대표접촉,제2차 고향방문 및 예술공연단 교환 관련 제1차 실무대표접촉,중립,판문점 중립,중감위회의실,1989-09-27,1989-09-27,1
1989,인도,제2차 고향방문 및 예술공연단 교환 관련 실무대표접촉,제2차 고향방문 및 예술공연단 교환 관련 제2차 실무대표접촉,중립,판문점 중립,중감위회의실,1989-10-06,1989-10-06,1
1989,인도,제2차 고향방문 및 예술공연단 교환 관련 실무대표접촉,제2차 고향방문 및 예술공연단 교환 관련 제3차 실무대표접촉,중립,판문점 중립,중감위회의실,1989-10-16,1989-10-16,1
1989,인도,제2차 고향방문 및 예술공연단 교환 관련 실무대표접촉,제2차 고향방문 및 예술공연단 교환 관련 제4차 실무대표접촉,중립,판문점 중립,중감위회의실,1989-11-08,1989-11-08,1
1989,인도,제2차 고향방문 및 예술공연단 교환 관련 실무대표접촉,제2차 고향방문 및 예술공연단 교환 관련 제5차 실무대표접촉,중립,판문점 중립,중감위회의실,1989-11-13,1989-11-13,1
1989,인도,제2차 고향방문 및 예술공연단 교환 관련 실무대표접촉,제2차 고향방문 및 예술공연단 교환 관련 제6차 실무대표접촉,중립,판문점 중립,중감위회의실,1989-11-21,1989-11-21,1
1989,인도,제2차 고향방문 및 예술공연단 교환 관련 실무대표접촉,제2차 고향방문 및 예술공연단 교환 관련 제7차 실무대표접촉,중립,판문점 중립,중감위회의실,1989-11-27,1989-11-27,1
1989,인도,제2차 고향방문 및 예술공연단 교환 관련 실무대표접촉(수석대표단독접촉),제2차 고향방문 및 예술공연단 교환 관련 제1차 실무대표접촉(수석대표단독,중립,판문점 중립,중감위회의실,1989-12-04,1989-12-04,1
1989,사회문화,90북경 아시아 경기대회 단일팀 구성·참가 관련 남북체육회담 본회담,90북경 아시아 경기대회 단일팀 구성·참가 관련 제1차 남북체육회담 본회담,중립,판문점 남측,평화의집,1989-03-09,1989-03-09,1
1989,사회문화,90북경 아시아 경기대회 단일팀 구성·참가 관련 남북체육회담 본회담,90북경 아시아 경기대회 단일팀 구성·참가 관련 제2차 남북체육회담 본회담,중립,판문점 북측,통일각,1989-03-28,1989-03-28,1
1989,사회문화,90북경 아시아 경기대회 단일팀 구성·참가 관련 남북체육회담 본회담,90북경 아시아 경기대회 단일팀 구성·참가 관련 제3차 남북체육회담 본회담,중립,판문점 남측,평화의집,1989-10-20,1989-10-20,1
1989,사회문화,90북경 아시아 경기대회 단일팀 구성·참가 관련 남북체육회담 본회담,90북경 아시아 경기대회 단일팀 구성·참가 관련 제4차 남북체육회담 본회담,중립,판문점 북측,통일각,1989-11-16,1989-11-16,1
1989,사회문화,90북경 아시아 경기대회 단일팀 구성·참가 관련 남북체육회담 본회담,90북경 아시아 경기대회 단일팀 구성·참가 관련 제5차 남북체육회담 본회담,중립,판문점 남측,평화의집,1989-11-24,1989-11-24,1
1989,사회문화,90북경 아시아 경기대회 단일팀 구성·참가 관련 남북체육회담 본회담,90북경 아시아 경기대회 단일팀 구성·참가 관련 제6차 남북체육회담 본회담,중립,판문점 북측,통일각,1989-12-22,1989-12-22,1
1989,사회문화,90북경 아시아 경기대회 단일팀 구성·참가 관련 실무대표접촉,90북경 아시아 경기대회 단일팀 구성·참가 관련 제1차 실무대표접촉,중립,판문점 중립,중감위회의실,1989-12-01,1989-12-01,1
1989,사회문화,90북경 아시아 경기대회 단일팀 구성·참가 관련 실무대표접촉,90북경 아시아 경기대회 단일팀 구성·참가 관련 제2차 실무대표접촉,중립,판문점 중립,중감위회의실,1989-12-06,1989-12-06,1
1989,사회문화,90북경 아시아 경기대회 단일팀 구성·참가 관련 실무대표접촉,90북경 아시아 경기대회 단일팀 구성·참가 관련 제3차 실무대표접촉,중립,판문점 중립,중감위회의실,1989-12-15,1989-12-15,1
1988,정치,남북국회회담 준비접촉,남북국회회담 제1차 준비접촉,중립,판문점 북측,통일각,1988-08-19,1988-08-19,1
1988,정치,남북국회회담 준비접촉,남북국회회담 제2차 준비접촉,중립,판문점 남측,평화의집,1988-08-20,1988-08-20,1
1988,정치,남북국회회담 준비접촉,남북국회회담 제3차 준비접촉,중립,판문점 북측,통일각,1988-08-22,1988-08-22,1
1988,정치,남북국회회담 준비접촉,남북국회회담 제4차 준비접촉,중립,판문점 남측,평화의집,1988-08-26,1988-08-26,1
1988,정치,남북국회회담 준비접촉,남북국회회담 제5차 준비접촉,중립,판문점 북측,통일각,1988-10-13,1988-10-13,1
1988,정치,남북국회회담 준비접촉,남북국회회담 제6차 준비접촉,중립,판문점 남측,평화의집,1988-11-17,1988-11-17,1
1988,정치,남북국회회담 준비접촉,남북국회회담 제7차 준비접촉,중립,판문점 북측,통일각,1988-12-29,1988-12-29,1
1988,정치,남북국회회담 준비접촉 수석대표단독접촉,남북국회회담 준비접촉 수석대표단독접촉,중립,판문점 남측,평화의집,1988-08-24,1988-08-24,1
1987,사회문화,서울올림픽 관련 IOC중재 남북체육회담,서울올림픽 관련 IOC중재 제4차 남북체육회담,해외,스위스 로잔느,스위스 로잔느,1987-07-14,1987-07-15,2
1986,사회문화,서울올림픽 관련 IOC중재 남북체육회담,서울올림픽 관련 IOC중재 제2차 남북체육회담,해외,스위스 로잔느,스위스 로잔느,1986-01-08,1986-01-09,2
1986,사회문화,서울올림픽 관련 IOC중재 남북체육회담,서울올림픽 관련 IOC중재 제3차 남북체육회담,해외,스위스 로잔느,스위스 로잔느,1986-06-10,1986-06-11,2
1985,정치,남북국회회담 예비접촉,남북국회회담 제1차 예비접촉,중립,판문점 중립,중감위회의실,1985-07-23,1985-07-23,1
1985,정치,남북국회회담 예비접촉,남북국회회담 제2차 예비접촉,중립,판문점 중립,중감위회의실,1985-09-25,1985-09-25,1
1985,경제,남북경제회담,제2차 남북경제회담,중립,판문점 중립,중감위회의실,1985-05-17,1985-05-17,1
1985,경제,남북경제회담,제3차 남북경제회담,중립,판문점 중립,중감위회의실,1985-06-20,1985-06-20,1
1985,경제,남북경제회담,제4차 남북경제회담,중립,판문점 중립,중감위회의실,1985-09-18,1985-09-18,1
1985,경제,남북경제회담,제5차 남북경제회담,중립,판문점 중립,중감위회의실,1985-11-20,1985-11-20,1
1985,인도,남북적십자회담 본회담,제8차 남북적십자회담 본회담,남측,서울,쉐라톤워커힐호텔,1985-05-27,1985-05-30,4
1985,인도,남북적십자회담 본회담,제9차 남북적십자회담 본회담,북측,평양,인민문화궁전,1985-08-26,1985-08-29,4
1985,인도,남북적십자회담 본회담,제10차 남북적십자회담 본회담,남측,서울,쉐라톤워커힐호텔,1985-12-02,1985-12-05,4
1985,인도,제1차 고향방문 및 예술공연단 교환 관련 실무대표접촉,제1차 고향방문 및 예술공연단 교환 관련 제1차 실무대표접촉,중립,판문점 중립,중감위회의실,1985-07-15,1985-07-15,1
1985,인도,제1차 고향방문 및 예술공연단 교환 관련 실무대표접촉,제1차 고향방문 및 예술공연단 교환 관련 제2차 실무대표접촉,중립,판문점 중립,중감위회의실,1985-07-19,1985-07-19,1
1985,인도,제1차 고향방문 및 예술공연단 교환 관련 실무대표접촉,제1차 고향방문 및 예술공연단 교환 관련 제3차 실무대표접촉,중립,판문점 중립,중감위회의실,1985-08-22,1985-08-22,1
1985,사회문화,서울올림픽 관련 IOC중재 남북체육회담,서울올림픽 관련 IOC중재 제1차 남북체육회담,해외,스위스 로잔느,스위스 로잔느,1985-10-09,1985-10-10,2
1984,경제,남북경제회담,제1차 남북경제회담,중립,판문점 중립,중감위회의실,1984-11-15,1984-11-15,1
1984,인도,수해물자 인도·인수 관련 남북적십자 실무접촉,수해물자 인도·인수 관련 남북적십자 실무접촉,중립,판문점 중립,중감위회의실,1984-09-18,1984-09-18,1
1984,인도,남북적십자 본회담 재개를 위한 예비접촉,남북적십자 본회담 재개를 위한 예비접촉,중립,판문점 중립,중감위회의실,1984-11-20,1984-11-20,1
1984,사회문화,LA올림픽 단일팀 구성 관련 남북체육회담,LA올림픽 단일팀 구성 관련 제1차 남북체육회담,중립,판문점 중립,중감위회의실,1984-04-09,1984-04-09,1
1984,사회문화,LA올림픽 단일팀 구성 관련 남북체육회담,LA올림픽 단일팀 구성 관련 제2차 남북체육회담,중립,판문점 중립,중감위회의실,1984-04-30,1984-04-30,1
1984,사회문화,LA올림픽 단일팀 구성 관련 남북체육회담,LA올림픽 단일팀 구성 관련 제3차 남북체육회담,중립,판문점 중립,중감위회의실,1984-05-25,1984-05-25,1
1980,정치,남북총리회담을 위한 실무대표접촉,남북총리회담을 위한 제1차 실무대표접촉,중립,판문점 중립,중감위회의실,1980-02-06,1980-02-06,1
1980,정치,남북총리회담을 위한 실무대표접촉,남북총리회담을 위한 제2차 실무대표접촉,중립,판문점 북측,판문각,1980-02-19,1980-02-19,1
1980,정치,남북총리회담을 위한 실무대표접촉,남북총리회담을 위한 제3차 실무대표접촉,중립,판문점 남측,자유의집,1980-03-04,1980-03-04,1
1980,정치,남북총리회담을 위한 실무대표접촉,남북총리회담을 위한 제4차 실무대표접촉,중립,판문점 북측,판문각,1980-03-18,1980-03-18,1
1980,정치,남북총리회담을 위한 실무대표접촉,남북총리회담을 위한 제5차 실무대표접촉,중립,판문점 남측,자유의집,1980-04-01,1980-04-01,1
1980,정치,남북총리회담을 위한 실무대표접촉,남북총리회담을 위한 제6차 실무대표접촉,중립,판문점 북측,판문각,1980-04-18,1980-04-18,1
1980,정치,남북총리회담을 위한 실무대표접촉,남북총리회담을 위한 제7차 실무대표접촉,중립,판문점 남측,자유의집,1980-05-06,1980-05-06,1
1980,정치,남북총리회담을 위한 실무대표접촉,남북총리회담을 위한 제8차 실무대표접촉,중립,판문점 북측,판문각,1980-05-22,1980-05-22,1
1980,정치,남북총리회담을 위한 실무대표접촉,남북총리회담을 위한 제9차 실무대표접촉,중립,판문점 남측,자유의집,1980-06-24,1980-06-24,1
1980,정치,남북총리회담을 위한 실무대표접촉,남북총리회담을 위한 제10차 실무대표접촉,중립,판문점 북측,판문각,1980-08-20,1980-08-20,1
1979,정치,변칙대좌,변칙대좌 제1차,중립,판문점 중립,중감위회의실,1979-02-17,1979-02-17,1
1979,정치,변칙대좌,변칙대좌 제2차,중립,판문점 중립,중감위회의실,1979-03-07,1979-03-07,1
1979,정치,변칙대좌,변칙대좌 제3차,중립,판문점 중립,중감위회의실,1979-03-14,1979-03-14,1
1979,사회문화,남북탁구협회 회의,남북탁구협회 제1차 회의,중립,판문점 중립,중감위회의실,1979-02-27,1979-02-27,1
1979,사회문화,남북탁구협회 회의,남북탁구협회 제2차 회의,중립,판문점 중립,중감위회의실,1979-03-05,1979-03-05,1
1979,사회문화,남북탁구협회 회의,남북탁구협회 제3차 회의,중립,판문점 중립,중감위회의실,1979-03-09,1979-03-09,1
1979,사회문화,남북탁구협회 회의,남북탁구협회 제4차 회의,중립,판문점 중립,중감위회의실,1979-03-12,1979-03-12,1
1977,인도,남북적십자 실무회의,남북적십자 제21차 실무회의,중립,판문점 중립,중감위회의실,1977-02-11,1977-02-11,1
1977,인도,남북적십자 실무회의,남북적십자 제22차 실무회의,중립,판문점 중립,중감위회의실,1977-04-28,1977-04-28,1
1977,인도,남북적십자 실무회의,남북적십자 제23차 실무회의,중립,판문점 중립,중감위회의실,1977-07-15,1977-07-15,1
1977,인도,남북적십자 실무회의,남북적십자 제24차 실무회의,중립,판문점 중립,중감위회의실,1977-10-14,1977-10-14,1
1977,인도,남북적십자 실무회의,남북적십자 제25차 실무회의,중립,판문점 중립,중감위회의실,1977-12-09,1977-12-09,1
1976,인도,남북적십자 실무회의,남북적십자 제15차 실무회의,중립,판문점 중립,중감위회의실,1976-02-12,1976-02-12,1
1976,인도,남북적십자 실무회의,남북적십자 제16차 실무회의,중립,판문점 중립,중감위회의실,1976-04-10,1976-04-10,1
1976,인도,남북적십자 실무회의,남북적십자 제17차 실무회의,중립,판문점 중립,중감위회의실,1976-06-09,1976-06-09,1
1976,인도,남북적십자 실무회의,남북적십자 제18차 실무회의,중립,판문점 중립,중감위회의실,1976-08-20,1976-08-20,1
1976,인도,남북적십자 실무회의,남북적십자 제19차 실무회의,중립,판문점 중립,중감위회의실,1976-10-19,1976-10-19,1
1976,인도,남북적십자 실무회의,남북적십자 제20차 실무회의,중립,판문점 중립,중감위회의실,1976-12-10,1976-12-10,1
1975,정치,남북조절위원회 부위원장회의,남북조절위원회 제9차 부위원장회의,중립,판문점 북측,판문각,1975-01-08,1975-01-08,1
1975,정치,남북조절위원회 부위원장회의,남북조절위원회 제10차 부위원장회의,중립,판문점 남측,자유의집,1975-03-14,1975-03-14,1
1975,인도,남북적십자 실무회의,남북적십자 제7차 실무회의,중립,판문점 중립,중감위회의실,1975-01-24,1975-01-24,1
1975,인도,남북적십자 실무회의,남북적십자 제8차 실무회의,중립,판문점 중립,중감위회의실,1975-02-28,1975-02-28,1
1975,인도,남북적십자 실무회의,남북적십자 제9차 실무회의,중립,판문점 중립,중감위회의실,1975-03-26,1975-03-26,1
1975,인도,남북적십자 실무회의,남북적십자 제10차 실무회의,중립,판문점 중립,중감위회의실,1975-05-08,1975-05-08,1
1975,인도,남북적십자 실무회의,남북적십자 제11차 실무회의,중립,판문점 중립,중감위회의실,1975-07-21,1975-07-21,1
1975,인도,남북적십자 실무회의,남북적십자 제12차 실무회의,중립,판문점 중립,중감위회의실,1975-08-22,1975-08-22,1
1975,인도,남북적십자 실무회의,남북적십자 제13차 실무회의,중립,판문점 중립,중감위회의실,1975-10-23,1975-10-23,1
1975,인도,남북적십자 실무회의,남북적십자 제14차 실무회의,중립,판문점 중립,중감위회의실,1975-11-28,1975-11-28,1
1974,정치,남북조절위원회 부위원장회의,남북조절위원회 제3차 부위원장회의,중립,판문점 북측,판문각,1974-01-30,1974-01-30,1
1974,정치,남북조절위원회 부위원장회의,남북조절위원회 제4차 부위원장회의,중립,판문점 남측,자유의집,1974-02-27,1974-02-27,1
1974,정치,남북조절위원회 부위원장회의,남북조절위원회 제5차 부위원장회의,중립,판문점 북측,판문각,1974-03-27,1974-03-27,1
1974,정치,남북조절위원회 부위원장회의,남북조절위원회 제6차 부위원장회의,중립,판문점 남측,자유의집,1974-04-24,1974-04-24,1
1974,정치,남북조절위원회 부위원장회의,남북조절위원회 제7차 부위원장회의,중립,판문점 북측,판문각,1974-06-28,1974-06-28,1
1974,정치,남북조절위원회 부위원장회의,남북조절위원회 제8차 부위원장회의,중립,판문점 남측,자유의집,1974-09-21,1974-09-21,1
1974,인도,남북적십자 실무대표접촉,남북적십자 제2차 실무대표접촉,중립,판문점 중립,중감위회의실,1974-02-25,1974-02-25,1
1974,인도,남북적십자 실무대표접촉,남북적십자 제3차 실무대표접촉,중립,판문점 중립,중감위회의실,1974-03-11,1974-03-11,1
1974,인도,남북적십자 실무대표접촉,남북적십자 제4차 실무대표접촉,중립,판문점 중립,중감위회의실,1974-04-03,1974-04-03,1
1974,인도,남북적십자 실무대표접촉,남북적십자 제5차 실무대표접촉,중립,판문점 중립,중감위회의실,1974-04-29,1974-04-29,1
1974,인도,남북적십자 실무대표접촉,남북적십자 제6차 실무대표접촉,중립,판문점 중립,중감위회의실,1974-05-22,1974-05-22,1
1974,인도,남북적십자 실무대표접촉,남북적십자 제7차 실무대표접촉,중립,판문점 중립,중감위회의실,1974-05-29,1974-05-29,1
1974,인도,남북적십자 실무회의,남북적십자 제1차 실무회의,중립,판문점 중립,중감위회의실,1974-07-10,1974-07-10,1
1974,인도,남북적십자 실무회의,남북적십자 제2차 실무회의,중립,판문점 중립,중감위회의실,1974-07-24,1974-07-24,1
1974,인도,남북적십자 실무회의,남북적십자 제3차 실무회의,중립,판문점 중립,중감위회의실,1974-08-28,1974-08-28,1
1974,인도,남북적십자 실무회의,남북적십자 제4차 실무회의,중립,판문점 중립,중감위회의실,1974-09-25,1974-09-25,1
1974,인도,남북적십자 실무회의,남북적십자 제5차 실무회의,중립,판문점 중립,중감위회의실,1974-11-05,1974-11-05,1
1974,인도,남북적십자 실무회의,남북적십자 제6차 실무회의,중립,판문점 중립,중감위회의실,1974-11-29,1974-11-29,1
1973,정치,남북조절위원회 간사회의,남북조절위원회 제1차 간사회의,중립,판문점 북측,판문각,1973-03-10,1973-03-10,1
1973,정치,남북조절위원회 간사회의,남북조절위원회 제2차 간사회의,중립,판문점 남측,자유의집,1973-04-24,1973-04-24,1
1973,정치,남북조절위원회 간사회의,남북조절위원회 제3차 간사회의,중립,판문점 북측,판문각,1973-05-23,1973-05-23,1
1973,정치,남북조절위원회 본회담,남북조절위원회 제2차 본회담,북측,평양,모란봉초대소,1973-03-14,1973-03-16,3
1973,정치,남북조절위원회 본회담,남북조절위원회 제3차 본회담,남측,서울,영빈관,1973-06-12,1973-06-14,3
1973,정치,남북조절위원회 부위원장회의,남북조절위원회 제1차 부위원장회의,중립,판문점 북측,판문각,1973-12-05,1973-12-05,1
1973,정치,남북조절위원회 부위원장회의,남북조절위원회 제2차 부위원장회의,중립,판문점 남측,자유의집,1973-12-19,1973-12-19,1
1973,인도,남북적십자회담 본회담,제5차 남북적십자회담 본회담,북측,평양,대동강회관,1973-03-20,1973-03-23,4
1973,인도,남북적십자회담 본회담,제6차 남북적십자회담 본회담,남측,서울,대한적십자사 회담사무국,1973-05-08,1973-05-11,4
1973,인도,남북적십자회담 본회담,제7차 남북적십자회담 본회담,북측,평양,대동강회관,1973-07-10,1973-07-13,4
1973,인도,남북적십자 실무대표접촉,남북적십자 제1차 실무대표접촉,중립,판문점 중립,중감위회의실,1973-11-28,1973-11-28,1
1972,정치,남북조절위원회 공동위원장회의,남북조절위원회 제1차 공동위원장회의,중립,판문점 남측,자유의집,1972-10-12,1972-10-12,1
1972,정치,남북조절위원회 공동위원장회의,남북조절위원회 제2차 공동위원장회의,북측,평양,만수대의사당,1972-11-02,1972-11-04,3
1972,정치,남북조절위원회 공동위원장회의,남북조절위원회 제3차 공동위원장회의,남측,서울,영빈관,1972-11-30,1972-11-30,1
1972,정치,남북조절위원회 본회담,남북조절위원회 제1차 본회담,남측,서울,영빈관,1972-11-30,1972-12-02,3
1972,인도,남북적십자 예비회담,남북적십자 제14차 예비회담,중립,판문점 중립,중감위회의실,1972-01-10,1972-01-10,1
1972,인도,남북적십자 예비회담,남북적십자 제15차 예비회담,중립,판문점 중립,중감위회의실,1972-01-19,1972-01-19,1
1972,인도,남북적십자 예비회담,남북적십자 제16차 예비회담,중립,판문점 중립,중감위회의실,1972-01-28,1972-01-28,1
1972,인도,남북적십자 예비회담,남북적십자 제17차 예비회담,중립,판문점 중립,중감위회의실,1972-02-03,1972-02-03,1
1972,인도,남북적십자 예비회담,남북적십자 제18차 예비회담,중립,판문점 중립,중감위회의실,1972-02-10,1972-02-10,1
1972,인도,남북적십자 예비회담,남북적십자 제19차 예비회담,중립,판문점 중립,중감위회의실,1972-02-17,1972-02-17,1
1972,인도,남북적십자 예비회담,남북적십자 제20차 예비회담,중립,판문점 중립,중감위회의실,1972-06-16,1972-06-16,1
1972,인도,남북적십자 예비회담,남북적십자 제21차 예비회담,중립,판문점 중립,중감위회의실,1972-07-10,1972-07-10,1
1972,인도,남북적십자 예비회담,남북적십자 제22차 예비회담,중립,판문점 중립,중감위회의실,1972-07-14,1972-07-14,1
1972,인도,남북적십자 예비회담,남북적십자 제23차 예비회담,중립,판문점 중립,중감위회의실,1972-07-19,1972-07-19,1
1972,인도,남북적십자 예비회담,남북적십자 제24차 예비회담,중립,판문점 중립,중감위회의실,1972-07-26,1972-07-26,1
1972,인도,남북적십자 예비회담,남북적십자 제25차 예비회담,중립,판문점 중립,중감위회의실,1972-08-11,1972-08-11,1
1972,인도,남북적십자 의제문안 실무회의,남북적십자 의제문안 제1차 실무회의,중립,판문점 중립,중감위회의실,1972-02-21,1972-02-21,1
1972,인도,남북적십자 의제문안 실무회의,남북적십자 의제문안 제2차 실무회의,중립,판문점 중립,중감위회의실,1972-02-24,1972-02-24,1
1972,인도,남북적십자 의제문안 실무회의,남북적십자 의제문안 제3차 실무회의,중립,판문점 중립,중감위회의실,1972-02-28,1972-02-28,1
1972,인도,남북적십자 의제문안 실무회의,남북적십자 의제문안 제4차 실무회의,중립,판문점 중립,중감위회의실,1972-03-06,1972-03-06,1
1972,인도,남북적십자 의제문안 실무회의,남북적십자 의제문안 제5차 실무회의,중립,판문점 중립,중감위회의실,1972-03-10,1972-03-10,1
1972,인도,남북적십자 의제문안 실무회의,남북적십자 의제문안 제6차 실무회의,중립,판문점 중립,중감위회의실,1972-03-17,1972-03-17,1
1972,인도,남북적십자 의제문안 실무회의,남북적십자 의제문안 제7차 실무회의,중립,판문점 중립,중감위회의실,1972-03-24,1972-03-24,1
1972,인도,남북적십자 의제문안 실무회의,남북적십자 의제문안 제8차 실무회의,중립,판문점 중립,중감위회의실,1972-04-17,1972-04-17,1
1972,인도,남북적십자 의제문안 실무회의,남북적십자 의제문안 제9차 실무회의,중립,판문점 중립,중감위회의실,1972-05-09,1972-05-09,1
1972,인도,남북적십자 의제문안 실무회의,남북적십자 의제문안 제10차 실무회의,중립,판문점 중립,중감위회의실,1972-05-12,1972-05-12,1
1972,인도,남북적십자 의제문안 실무회의,남북적십자 의제문안 제11차 실무회의,중립,판문점 중립,중감위회의실,1972-05-19,1972-05-19,1
1972,인도,남북적십자 의제문안 실무회의,남북적십자 의제문안 제12차 실무회의,중립,판문점 중립,중감위회의실,1972-05-22,1972-05-22,1
1972,인도,남북적십자 의제문안 실무회의,남북적십자 의제문안 제13차 실무회의,중립,판문점 중립,중감위회의실,1972-06-05,1972-06-05,1
1972,인도,남북적십자 진행절차 실무회의,남북적십자 진행절차 제1차 실무회의,중립,판문점 중립,중감위회의실,1972-07-27,1972-07-27,1
1972,인도,남북적십자 진행절차 실무회의,남북적십자 진행절차 제2차 실무회의,중립,판문점 중립,중감위회의실,1972-08-03,1972-08-03,1
1972,인도,남북적십자 진행절차 실무회의,남북적십자 진행절차 제3차 실무회의,중립,판문점 중립,중감위회의실,1972-08-09,1972-08-09,1
1972,인도,남북적십자회담 본회담,제1차 남북적십자회담 본회담,북측,평양,대동강회관,1972-08-29,1972-09-02,5
1972,인도,남북적십자회담 본회담,제2차 남북적십자회담 본회담,남측,서울,조선호텔,1972-09-12,1972-09-16,5
1972,인도,남북적십자회담 본회담,제3차 남북적십자회담 본회담,북측,평양,대동강회관,1972-10-23,1972-10-26,4
1972,인도,남북적십자회담 본회담,제4차 남북적십자회담 본회담,남측,서울,대한적십자사 회담사무국,1972-11-22,1972-11-24,3
1971,인도,남북적십자 파견원 접촉,남북적십자 파견원 제1차 접촉,중립,판문점 중립,중감위회의실,1971-08-20,1971-08-20,1
1971,인도,남북적십자 파견원 접촉,남북적십자 파견원 제2차 접촉,중립,판문점 중립,중감위회의실,1971-08-26,1971-08-26,1
1971,인도,남북적십자 파견원 접촉,남북적십자 파견원 제3차 접촉,중립,판문점 중립,중감위회의실,1971-08-30,1971-08-30,1
1971,인도,남북적십자 파견원 접촉,남북적십자 파견원 제4차 접촉,중립,판문점 중립,중감위회의실,1971-09-03,1971-09-03,1
1971,인도,남북적십자 파견원 접촉,남북적십자 파견원 제5차 접촉,중립,판문점 중립,중감위회의실,1971-09-16,1971-09-16,1
1971,인도,남북적십자 예비회담,남북적십자 제1차 예비회담,중립,판문점 중립,중감위회의실,1971-09-20,1971-09-20,1
1971,인도,남북적십자 예비회담,남북적십자 제2차 예비회담,중립,판문점 중립,중감위회의실,1971-09-29,1971-09-29,1
1971,인도,남북적십자 예비회담,남북적십자 제3차 예비회담,중립,판문점 중립,중감위회의실,1971-10-06,1971-10-06,1
1971,인도,남북적십자 예비회담,남북적십자 제4차 예비회담,중립,판문점 중립,중감위회의실,1971-10-13,1971-10-13,1
1971,인도,남북적십자 예비회담,남북적십자 제5차 예비회담,중립,판문점 중립,중감위회의실,1971-10-20,1971-10-20,1
1971,인도,남북적십자 예비회담,남북적십자 제6차 예비회담,중립,판문점 중립,중감위회의실,1971-10-27,1971-10-27,1
1971,인도,남북적십자 예비회담,남북적십자 제7차 예비회담,중립,판문점 중립,중감위회의실,1971-11-03,1971-11-03,1
1971,인도,남북적십자 예비회담,남북적십자 제8차 예비회담,중립,판문점 중립,중감위회의실,1971-11-11,1971-11-11,1
1971,인도,남북적십자 예비회담,남북적십자 제9차 예비회담,중립,판문점 중립,중감위회의실,1971-11-19,1971-11-19,1
1971,인도,남북적십자 예비회담,남북적십자 제10차 예비회담,중립,판문점 중립,중감위회의실,1971-11-24,1971-11-24,1
1971,인도,남북적십자 예비회담,남북적십자 제11차 예비회담,중립,판문점 중립,중감위회의실,1971-12-03,1971-12-03,1
1971,인도,남북적십자 예비회담,남북적십자 제12차 예비회담,중립,판문점 중립,중감위회의실,1971-12-10,1971-12-10,1
1971,인도,남북적십자 예비회담,남북적십자 제13차 예비회담,중립,판문점 중립,중감위회의실,1971-12-17,1971-12-17,1
