연도별회담내용,연도별회담제목,작성일
"- 제1차 : 8.20, 제2차 : 8.26, 제3차 : 8.30, 제4차 : 9.3, 제5차 : 9.16","남북적십자 파견원 접촉 (5회, 중감위회의실)",2004-01-10
"- 제1차 : 9.20, 제2차 : 9.29, 제3차 : 10.6, 제4차 : 10.13, 제5차 : 10.20, - 제6차 : 10.27, 제7차 : 11.3, 제8차 : 11.11, 제9차 : 11.19, 제10차 : 11.24,- 제11차 : 12.3, 제12차 : 12.10, 제13차 : 12.17","남북적십자 예비회담 (13회, 중감위회의실)",2004-02-10
"- 제14차 : 1.10, 제15차 : 1.19, 제16차 : 1.28, 제17차 : 2.3, - 제18차 : 2.10, 제19차 : 2.17, 제20차 : 6.16, 제21차 : 7.10, - 제22차 : 7.14, 제23차 : 7.19, 제24차 : 7.26, 제25차 : 8.11","남북적십자 예비회담 (12회, 중감위회의실)",2004-02-16
"- 제1차 : 2.21, 제2차 : 2.24, 제3차 : 2.28, 제4차 : 3.6, - 제5차 : 3.10, 제6차 : 3.17, 제7차 : 3.24, 제8차 : 4.17, - 제9차 : 5.9, 제10차 : 5.12, 제11차 : 5.19, 제12차 : 5.22, - 제13차 : 6.5","남북적십자 의제문안 실무회의(13회, 중감위회의실)",2004-02-16
"- 제5차 : 3.20～23(평양), 제6차 : 5.8～11(서울), 제7차 : 7.10～13(평양)",남북적십자회담 본회담(3회),2004-02-16
"- 제1차 : 7.27, 제2차 : 8.3, 제3차 : 8.9","남북적십자 진행절차 실무회의(3회, 중감위회의실)",2004-02-16
"- 제1차 : 8.29～9. 2(평양), 제2차 : 9.12～9.16(서울)- 제3차 : 10.23～26(평양), 제4차 : 11.22～24(서울)",남북적십자회담 본회담(4회),2004-02-16
"- 제1차 : 10.12(판문점), 제2차 : 11. 2 ～ 4(평양), 제3차 : 11.30(서울)",남북조절위 공동위원장회의(3회),2004-02-16
- 제1차 : 11.30～12. 2(서울),남북조절위 본회담(1회),2004-02-16
- 제1차 : 1.28(중감위회의실),남북적십자 실무대표접촉(1회),2004-02-18
"- 제2차 : 3.14～16(평양), 제3차 : 6.12～14(서울)",남북조절위 본회담(2회),2004-02-18
"- 제1차 : 3.10(판문각), 제2차 : 4.24(자유의집), 제3차 : 5.23(판문각)",남북조절위 간사회의(3회),2004-02-18
"- 제1차 : 12.5(판문각), 제2차 : 12.19(자유의집)",남북조절위 부위원장회의(2회),2004-02-18
"- 제2차 : 2.25, 제3차 : 3.11, 제4차 : 4.3, 제5차 : 4.29- 제6차 : 5.22, 제7차 : 5.29","남북적십자 실무대표접촉(6회, 중감위회의실)",2004-02-18
"- 제1차 : 7.10, 제2차 : 7.24, 제3차 :8.28, 제4차 : 9.25 - 제5차 : 11.5, 제6차 : 11.29","남북적십자 실무회의(6회, 중감위회의실)",2004-02-18
"- 제3차 : 1.30(판문각), 제4차 : 2.27(자유의집), 제5차 : 3.27(판문각)- 제6차 : 4.24(자유의집), 제7차 : 6.28(판문각), 제8차 : 9.21(자유의집)",남북조절위 부위원장 회의(6회),2004-02-18
"- 제7차 : 1.24, 제8차 : 2.28, 제9차 : 3.26, 제10차 ; 5.8, 제11차 : 7.21- 제12차 : 8.22, 제13차 : 10.23, 제14차 : 11.28","남북적십자 실무회의(8회, 중감위회의실)",2004-02-18
"- 제9차 : 1.8(판문각), 제10차 : 3.14(자유의집)",남북조절위 부위원장 회의(2회),2004-02-18
"- 제15차 : 2.12, 제16차 : 4.10, 제17차 : 6.9, 제18차 : 8.20- 제19차 ; 10.19, 제20차 : 12.10","남북적십자 실무회의 (6회, 중감위회의실)",2004-02-18
"- 제21차 : 2.11, 제22차 : 4.28, 제23차 : 7.15, 제24차 : 10.14, 제25차 : 12.9","남북적십자 실무회의(5회, 중감위회의실)",2004-02-18
"- 제1차 : 2.17, 제2차 : 3.7, 제3차 : 3.14","변칙대좌 (3회, 중감위회의실)",2004-02-18
"- 제1차 : 2.27, 제2차 : 3.5, 제3차 : 3.9, 제4차 ; 3.12","남북탁구협회 회의 (4회, 중감위회의실)",2004-02-18
"- 제1차 : 2.6(중감위회의실), 제2차 : 2.19(판문각), 제3차 : 3.4(자유의집)- 제4차 : 3.18(판문각), 제5차 : 4.1(자유의집), 제6차 : 4.18(판문각)- 제7차 : 5.6자유의집), 제8차 : 5.22(판문각), 제9차 : 6.24(자유의집)- 제10차 : 8.20(판문각)",남북총리회담을 위한 실무대표접촉(10회),2004-02-18
- 제1차 : 9.18(중감위회의실),수해물자 인도·인수 관련 남북적십자실무접촉 (1회),2004-02-18
"- 제1차 : 4.9, 제2차 : 4.30, 제3차 : 5.25","LA올림픽 단일팀구성관련 남북체육회담(3회, 중감위회의실)",2004-02-18
- 제1차 : 11.20(중감위회의실),남북적십자 본회담 재개를 위한 예비접촉(1회),2004-02-18
- 제1차 : 11.15(중감위회의실),남북경제회담(1회),2004-02-18
"- 제 8차 : 서울(5.27～30), 제9차 : 평양(8.26～29), 제10차 : 서울(12.2～ 5)",남북적십자회담 본회담 (3회),2004-02-18
"- 제1차 : 7.15, 제2차 : 7.19, 제3차 : 8.22","제1차 고향방문 및 예술공연단 교환관련 실무대표접촉 (3회, 중감위회의실)",2004-02-18
"- 제1차 : 7.23, 제2차 : 9.25","남북국회회담 예비접촉(2회, 중감위회의실)",2004-02-18
"- 제2차 : 5.17, 제3차 : 6.20, 제4차 : 9.18, 제5차 : 11.20","남북경제회담(4회, 중감위회의실)",2004-02-18
- 제1차 : 10.9～10(스위스 로잔느),서울올림픽관련 IOC중재 남북체육회담(1회),2004-02-18
"- 제2차 : 1.8～9, 제3차 : 6.10～11","서울올림픽 관련 IOC중재 남북체육회담 (제2회, 스위스 로잔느)",2004-02-18
- 제4차 : 7.14～15(스위스 로잔느),서울올림픽 관련 IOC중재 남북체육회담 (제1회),2004-02-18
"- 제1차 : 8.19(통일각), 제2차 : 8.20(평화의집), 제3차 : 8.22(통일각)- 수석대표단독접촉 : 8.24(평화의집), 제4차 : 8.26(평화의집)- 제5차 : 10.13(통일각), 제6차 : 11.17(평화의집), 제7차 : 12.29(통일각)",남북국회회담 준비접촉(8회),2004-02-18
"- 제1차 : 9.27, 제2차 : 10.6, 제3차 : 10.16, 제4차 : 11.8, 제5차 : 11.13- 제6차 : 11.21, 제7차 : 11.27, 수석대표 단독접촉 : 12.4","제2차 고향방문 및 예술공연단 교환 관련 실무대표접촉(8회, 중감위회의실)",2004-02-18
"- 제1차 : 3.9(평화의집), 제2차 : 3.28(통일각), 제3차 : 10.20(평화의집)- 제4차 : 11.16(통일각), 제5차 : 11.24(평화의집), 제6차 : 12.22(통일각)",’90북경 아시아 경기대회 단일팀 구성·참가관련 남북체육회담 본회담(6회),2004-02-18
"- 제1차 : 12.1, 제2차 : 12.6, 제3차 : 12.15","’90북경 아시아 경기대회 단일팀 구성·참가관련 실무대표접촉(3회, 중감위회의실)",2004-02-18
"- 제8차 : 10.25(평화의집), 제9차 : 11.29(통일각)",남북국회회담 준비접촉(2회),2004-02-18
"- 제1차 : 2.8(평화의집), 제2차 : 3.2(통일각), 제3차 : 10.12(평화의집)- 제4차 : 11.15(통일각), 제5차 : 12.20(평화의집)",남북고위급회담 예비회담 (5회),2004-02-18
"- 제7차 : 1.18(평화의집), 제8차 : 1.29(통일각), 제9차 : 2.7(평화의집)",’90북경 아시아 경기대회 단일팀 구성·참가관련 남북체육회담 본회담(3회),2004-02-18
"- 제4차 : 1.10, 제5차 : 1.15, 제6차 : 1.22","’90북경 아시아 경기대회 단일팀 구성·참가관련 실무대표접촉(3회, 중감위회의실)",2004-02-18
- 제1차 : 11.29(통일각),국제경기 단일팀 구성·참가위한 남북체육회담(1회),2004-02-18
- 제10차 : 1.24(평화의집),남북국회회담 준비접촉(1회),2004-02-18
"- 제6차 : 1.31(통일각), 제7차 : 7.3(평화의집), 제8차 : 7.26(통일각)",남북고위급회담 예비회담(3회),2004-02-18
"- 제1차 : 7.6, 제2차 : 7.12","남북고위급회담 예비회담 실무대표접촉(2회, 중감위회의실)",2004-02-18
"- 제1차 : 9. 4～7(서울), 제2차 : 10.16～19(평양), 제3차 : 12.11～14(서울)",남북고위급회담 본회담 (3회),2004-02-18
"- 제1차 : 9.18, 제2차 : 10.5, 제3차 : 11.9","남북고위급회담 UN가입관련 실무대표접촉(3회, 중감위회의실)",2004-02-18
"- 제1차 : 11.21(통일각), 제2차 : 11.27(평화의집), 제3차 : 12.1(통일각)",제3차 남북고위급회담 개최를 위한 실무대표접촉(3회),2004-02-18
"- 수석대표단독접촉 : 11.7, 제8차 : 11.8","제2차 고향방문 및 예술공연단 교환 관련 실무대표접촉(2회, 중감위회의실)",2004-02-18
"- 제2차 : 1.15(평화의집), 제3차 : 1.30(통일각), 제4차 : 2.12(평화의집)",국제경기 단일팀 구성·참가위한 남북체육회담(3회),2004-02-18
"- 제1차 : 2.21(통일각), 제2차 : 2.27(평화의집)",국제경기 단일팀 구성·참가위한 탁구단일팀실무위원회(2회),2004-02-18
"- 제1차 : 2.22(평화의집), 제2차 : 2.26(통일각)",국제경기 단일팀 구성·참가위한 축구단일팀실무위원회(2회),2004-02-18
"- 제4차 : 10.22～25(평양), 제5차 : 12.10～13(서울)",남북고위급회담 본회담 (2회),2004-02-18
"- 제1차 : 8.5(평화의집), 제2차 : 8.10(통일각), 제3차 : 8.16(평화의집)",제4차 남북고위급회담 준비를 위한 실무대표접촉(3회),2004-02-18
"- 제1차 : 11.11(통일각), 제2차 : 11.15(평화의집), 제3차 : 11.20(통일각)- 제4차 : 11.26(평화의집)",남북고위급회담 단일합의서 문안정리를 위한 대표접촉(4회),2004-02-18
"- 제1차 : 12.26(통일각), 제2차 : 12.28(평화의집), 제3차 : 12.31(통일각)",남북고위급회담 핵문제협의를 위한 대표접촉(3회),2004-02-18
"- 제1차 : 6.5, 제2차 : 6.12, 제3차 : 6.22, 제4차 : 7.8, 제5차 : 7.14- 제6차 : 7.20, 제7차 : 7.25, 제8차 : 8.7","이산가족 노부모방문단 및 예술단 교환 관련 적십자실무대표접촉(8회, 중감위회의실)",2004-02-18
"- 제6차 : 2.18～21(평양), 제7차 : 5.5～8(서울), 제8차 : 9.15～18(평양)",남북고위급회담 본회담(3회),2004-02-18
"- 제1차 : 1.14, 제2차 : 1.21","남북고위급회담 비핵화공동선언 문본교환을 위한 대표접촉(2회, 중감위회의실)",2004-02-18
"- 제1차 : 2.19(평양), 제2차 : 2.27(통일각), 제3차 : 3.3(평화의집)- 제4차 : 3.4(통일각), 제5차 : 3.6(평화의집), 제6차 : 3.10(통일각)- 제7차 : 3.14(평화의집)",남북핵통제공동위원회 구성·운영문제 협의를 위한 대표접촉(7회),2004-02-18
"- 제1차 : 3.9(평화의집), 제2차 : 3.27(통일각), 제3차 : 4.23(평화의집)- 제4차 : 5.19(통일각), 제5차 : 6.9(평화의집), 제6차 : 7.2(통일각)- 제7차 : 8.28(평화의집)",남북고위급회담 정치분과위원회 회의(7회),2004-02-18
"- 제1차 : 4.29, 제2차 : 7.18, 제3차 : 7.30, 제4차 : 8.5, 제5차 : 8.19","남북고위급회담 정치분과위원회 위원접촉(5회, 중감위회의실)",2004-02-18
"- 제1차 : 7.10(평화의집), 제2차 : 9.4(통일각), 제3차 : 9.8(평화의집)",남북고위급회담 정치분과위원회 위원장접촉(3회),2004-02-18
"- 제1차 : 3.13(통일각), 제2차 : 3.31(평화의집), 제3차 : 4.30(통일각)- 제4차 : 5.25(통일각), 제5차 : 6.19(통일각), 제6차 : 7.16(평화의집)- 제7차 : 8.26(평화의집) 제8차 : 9.5(통일각)",남북고위급회담 군사분과위원회 회의(8회),2004-02-18
"- 제1차 : 8.3, 제2차 : 8.12, 제3차 : 8.20","남북고위급회담 군사분과위원회 위원접촉(3회, 중감위회의실)",2004-02-18
- 제1차 : 7.23(통일각),남북고위급회담 위원장접촉(1회),2004-02-18
"- 제1차 : 3.18(평화의집), 제2차 ; 4.18(통일각), 제3차 : 4.27(평화의집)- 제4차 : 5.30(통일각), 제5차 : 6.26(평화의집), 제6차 : 7.28(통일각)- 제7차 : 9.3(평화의집)",남북고위급회담 교류·협력분과위원회 회의(7회),2004-02-18
- 제1차 : 9.7(통일각),남북고위급회담 교류·협력분과위원회 위원장접촉(1회),2004-02-18
"- 제1차 : 3.25, 제2차 : 4.2, 제3차 : 4.10, 제4차 : 4.28, 제5차 : 8.10- 제6차 : 8.21",남북고위급회담 교류·협력분과위원회 위원접촉(6회),2004-02-18
"- 제1차 : 3.19(통일각), 제2차 : 4.1(평화의집), 제3차 : 4.21(통일각)- 제4차 : 5.12(평화의집), 제5차 : 5.27(통일각), 제6차 : 6.30(평화의집)- 제7차 : 7.21(통일각), 제8차 : 8.31(평화의집), 제9차 : 10.22(통일각)- 제10차 : 11.18(평화의집), 제11차 : 11.27(통일각), 제12차 : 12.10(평화의집)- 제13차 : 12.17(통일각)",남북고위급회담 핵통제공동위원회 회의(13회),2004-02-18
"- 제1차 : 5.15, 제2차 : 5.20, 제3차 : 5.23, 제4차 : 9.19, 제5차 : 9.30- 제6차 : 10.14, 제7차 : 10.29, 제8차 : 12.14","남북고위급회담 핵통제공동위원회 위원접촉(8회, 중감위회의실)",2004-02-18
"- 제1차 : 10.1(통일각), 제2차 : 10.5(평화의집)",남북고위급회담 이인모문제와 이산가족면회소설치문제협의 대표접촉(2회),2004-02-18
- 제1차 : 10.28(중감위회의실),남북고위급회담 남북군사직통전화 설치·운영을 위한 통신실무자접촉(1회),2004-02-18
- 제1차 : 1.25(중감위회의실),남북고위급회담 핵통제공동위원회 위원장접촉(1회),2004-02-18
"- 제1차 : 10.5(통일각), 제2차 : 10.15(평화의집), 제3차 : 10.25(통일각)",특사교환을 위한 실무대표 접촉 (3회),2004-02-18
"- 제4차 : 3.3(평화의집), 제5차 : 3.9(통일각), 제6차 : 3.12(평화의집)- 제7차 : 3.16(통일각), 제8차 : 3.19(평화의집)",특사교환을 위한 실무대표 접촉 (5회),2004-02-18
- 제1차 : 6.28(평화의집),남북정상회담 예비접촉(1회),2004-02-18
"- 제1차 : 7.1(통일각), 제2차 : 7.2(평화의집)",남북정상회담 실무절차협의를 위한 대표접촉(2회),2004-02-18
- 제1차 : 7.7(평화의집),남북정상회담 개최를 위한 통신실무자접촉(1회),2004-02-18
- 제1차 : 7.8(통일각),남북정상회담 개최를 위한 경호실무자접촉(1회),2004-02-18
"- 제1차 : 6.17～21 제2차 : 7.15～19, 제3차 : 9.26～10. 1","대북 쌀지원을 위한 북경회담 (3회, 북경)",2004-02-18
"- 제1차 : 5. 3 ～ 5, 제2차 : 5.23 ～ 26, 제3차 : 7.23 ～ 25, 제4차 : 12.23 ～ 24","대북 구호물자 전달을 위한 남북적십자 대표접촉 (4회, 북경)",2004-02-18
- 제1차 : 3.5(뉴욕),4자회담 공동설명회(1회),2004-02-18
- 제1차 : 4.16～21(뉴욕),4자회담 공동설명회 후속협의(1회),2004-02-18
- 제1차 : 6.30(뉴욕),4자회담 차관보급 3자협의(1회),2004-02-18
"- 제1차 : 8.5～7, 제2차 : 9.18～19, 제3차 : 11.21","4자회담 예비회담(3회, 뉴욕)",2004-02-18
- 제1차 : 12.9～10(제네바),4자회담 본회담(1회),2004-02-18
"- 제2차 : 3.16 ～ 21, 제3차 : 10.21～ 24","4자회담 본회담 (2회,제네바)",2004-02-18
- 제1차 : 4.11～17(베이징),남북당국 대표회담 (1회),2004-02-18
- 제5차 : 3.25～27(베이징),대북구호물자전달을 위한 제5차 남북적십자대표접촉 (1회),2004-02-18
"- 제4차 : 1.18 ～ 22, 제5차 :4.22 ～ 28, 제6차 : 8.5 ～ 9","4자회담 본회담 (3회,제네바)",2004-02-18
- 4.23 ～ 6. 3(베이징),베이징 남북비공개접촉(3회),2004-02-18
"- 제1차 : 6.22 ～ 26, 제2차 : 7.1～ 3","남북 차관급당국회담(2회,베이징)",2004-02-18
- 제1차 : 3.9-11(싱가폴)- 제2차 : 3.17(상하이)- 제3차 : 3.23(베이징)- 제4차 : 4.8(베이징),남북정상회담 개최관련 남북특사접촉(4회),2004-02-18
- 제1차 : 4.22(평화의 집)- 제2차 : 4.27(통일각)- 제3차 : 5. 3(평화의 집)- 제4차 : 5. 8(통일각)- 제5차 : 5.18(평화의 집),남북정상회담 차관급 준비접촉(5회),2004-02-18
- 제1차 : 5.16(판문점 통일각),남북정상회담 관련 경호·의전 실무협의 접촉(1회),2004-02-18
- 제1차 : 5.13(판문점 통일각)- 제2차 : 5.17(판문점 평화의 집),남북정상회담 관련 통신·보도 실무협의 접촉(2회),2004-02-18
- 제1차 : 6.13～6.15(평양),남북정상회담 (1회),2004-02-18
- 제1차 : 6.27～30(금강산)- 제2차 : 9.20～23(금강산),남북공동선언 이행을 위한 남북적십자회담 (2회),2004-02-18
- 제1차 : 7.29～ 7.31(서울)- 제2차 : 8.29～ 9. 1(평양)- 제3차 : 9.27～ 9.30(제주)- 제4차 : 12.12～12.16(평양),남북장관급회담 (4회),2004-02-18
- 제1차 : 9.11～14(서울),남북특사회담(1회),2004-02-18
- 제1차 : 9.25～9.26(제주),남북국방장관회담 (1회),2004-02-18
"- 제1차 : 9.25～ 9.26(서울), 제2차 : 11. 8～11.11(평양)",남북경제협력실무접촉 (2회),2004-02-18
- 제1차 : 11.28(판문점 통일각)- 제2차 : 12.5(판문점 평화의 집)- 제3차 : 12.21(판문점 통일각),남북군사실무회담 (3회),2004-02-18
- 1차 : 12.27～12.30(평양),남북경제협력추진위원회 제1차 회의(1회),2004-02-18
- 제4차 : 1.31(판문점 평화의 집)- 제5차 : 2. 8(판문점 통일각),남북군사실무회담(2회),2004-02-18
- 제3차 : 1.29～1.31(금강산),남북공동선언 이행을 위한 남북적십자회담(1회),2004-02-18
- 제1차 : 2. 7～10(평양),남북전력협력실무협의회(1회),2004-02-18
- 제1차 : 2.21～2.24(평양),남북임진강수해방지실무협의회(1회),2004-02-18
- 제1차 : 10.3～5(금강산),금강산관광 당국간 회담(1회),2004-02-18
"- 제5차 : 9.15～18(서울), 제6차 : 11.9～14(금강산)",남북장관급회담(2회),2004-02-18
- 4. 3～4. 5(평양),남북특사회담(1회),2004-02-18
- 8. 2～4(금강산),남북장관급회담 실무대표접촉(1회),2004-02-18
"- 제7차 : 8.12～14(서울), 제8차 : 10.19～22(평양)",남북장관급회담 (2회),2004-02-18
- 제1차 : 8.17～19(금강산)- 제2차 : 8.26～28(금강산),부산아시아경기대회 참가를 위한 실무접촉(2회),2004-02-18
"- 제2차 : 8.27～30(서울), 제3차 : 11.6～9(평양)",남북경제협력추진위원회(2회),2004-02-18
- 제4차 : 9. 6～8(금강산),남북적십자회담(1회),2004-02-18
- 제1차 : 10.31～11.2(금강산)- 제2차 : 12.15～17(금강산),남북적십자회담 실무접촉(2회),2004-02-18
- 제2차 : 9.10～12(금강산),금강산관광 당국회담(1회),2004-02-18
- 제1차 : 9.13～17(금강산),남북철도―도로연결실무협의회(1회),2004-02-18
- 제1차 : 10.12～14(금강산)- 제2차 : 11.18～20(금강산)- 제3차 : 12.15～17(금강산),남북철도―도로연결 실무접촉(3회),2004-02-18
- 제2차 : 10.30～11.2(평양),남북임진강수해방지 실무협의회(1회),2004-02-18
- 제1차 : 10.30～11.2(평양),남북개성공단건설 실무협의회(1회),2004-02-18
- 제1차 : 12.6～8(금강산),남북개성공단건설 실무접촉(1회),2004-02-18
- 제1차 : 9.16～18(금강산),남북임남댐공동조사 실무접촉(1회),2004-02-18
"- 제1차 : 11.18～20(금강산), 제2차 : 12.25～28(평양)",남북해운협력 실무접촉(2회),2004-02-18
- 제1차 : 12.11～13(서울),남북경제협력제도실무협의회(1회),2004-02-18
- 제6차 : 9.14(판문점 평화의 집)- 제7차 : 9.17(판문점 평화의 집) -> 제8차 로 변경(07.6.15),남북군사실무회담(2회),2004-02-18
- 제1차 : 9.16(통일각) -> 제7차,남북군사실무회담 수석대표접촉(1회) - '제7차 남북군사실무회담'으로 변경(07.6.15),2004-02-18
- 제1차 : 9.16(통일각)-> 국방부와 협의에 따라 회담에서 제외,남북군사통신실무자접촉(1회) - 삭제(07.8.12),2004-02-18
- 제1차 : 10.3(통일각) -> 제9차 - 제2차 : 10.11(평화의집) -> 제10차- 제3차 : 10.16(통일각) -> 제11차- 제4차 : 10.25～26(평화의집) -> 제12차 - 제5차 : 11.13(통일각) -> 제13차- 제6차 : 12.23(평화의집) -> 제14차,남북군사실무접촉(6회) - '남북군사실무회담'으로 변경(07.6.15),2004-02-18
- 1.27～29(평양),남북특사회담(1회),2004-02-18
- 제9차 : 1.21～24(서울)- 제10차 : 4.27～29(평양)- 제11차 : 7.9～12(서울)- 제12차 : 10.14～17(평양),남북장관급회담 (4회),2004-02-18
- 제7차 : 1.27(통일각) -> 제15차- 제8차 : 6. 4(평화의집) -> 제16차- 제9차 : 11.14(평화의집) -> 제18차- 제10차 : 11.28(통일각) -> 제19차,남북군사실무접촉(4회) - '남북군사실무회담'으로 변경(07.6.15),2004-02-18
- 제8차 : 9.17(통일각) -> 제17차- 제9차 : 12.23(평화의집) -> 제20차 로 변경(07.6.15),남북군사실무회담(2회),2004-02-18
- 제1차 : 6.20(동해지구 남북관리구역 도로연결지점)- 제2차 : 11.21(동해지구 남북관리구역 도로연결지점)-> 국방부와 협의에 따라 회담에서 제외,동해선 통신선연결 실무접촉(2회) - 삭제(07.8.12),2004-02-18
- 제4차 : 2.11～14(서울)- 제5차 : 5.19～23(평양)- 제6차 : 8.26～28(서울)- 제7차 : 11.5～8(평양),남북경제협력추진위원회(4회),2004-02-18
- 제2차 : 1.22～25(평양)- 제3차 : 7.2～7.4(문산),남북철도―도로연결실무협의회(2회),2004-02-18
- 제4차 : 3.10～12(개성)- 제5차 : 6.7～9(개성)- 제6차 : 8.21～23(개성)- 제7차 : 10.27～28(개성)- 제8차 : 12.2～5(속초),남북철도·도로연결실무접촉(5회),2004-02-18
- 제2차 : 7.29～31(개성)- 제3차 : 10.11～12(문산)- 제4차 : 12.17～20(평양),남북경제협력제도실무협의회(3회),2004-02-18
- 제3차 : 10.11～12(문산),남북해운협력실무접촉(1회),2004-02-18
- 제1차 : 12.17～20(평양),남북원산지확인실무협의회(1회),2004-02-18
- 제1차 : 12.17～20(평양),남북청산결제실무협의(1회),2004-02-18
- 제5차 : 11.4～6(금강산),남북적십자회담(1회),2004-02-18
- 제3차 : 1.20～22(금강산),남북적십자회담 실무접촉(1회),2004-02-18
- 제1차 : 9.5～7(금강산)- 제2차 : 10.23～25(금강산),금강산면회소건설 관련 비공식접촉(2회),2004-02-18
- 제1차 : 2.13～15(금강산)- 제2차 : 3.3～5(금강산)- 제3차 : 8.21～23(금강산),금강산면회소건설추진단 회의(3회),2004-02-18
- 제1차 : 7.4～6(금강산),2003 대구하계U대회 북한선수단 참가를 위한 실무접촉(1회),2004-02-18
"- 제1차 : 1.27-29(개성, 자남산여관)",남북경제협력제도실무접촉(1회),2004-02-18
"- 제2차 : 1. 27 - 29(개성, 자남산여관)- 제3차 : 4. 20 - 22(파주, 홍원연수원)",남북청산결제실무협의(2회),2004-02-18
"- 제13차 : 2.3 - 6(서울, 신라호텔)- 제14차 : 5.4 - 7(평양, 고려호텔)",남북장관급회담(2회),2004-02-18
"- 제9차 : 2. 25 - 26(개성, 자남산여관)- 제10차 : 6. 30 - 7. 2(금강산, 김정숙휴양소)",남북철도.도로연결 실무접촉(2회),2004-02-25
"- 제4차 : 2.25 ~ 2.26(개성, 자남산여관)",남북해운협력실무접촉(1회),2004-02-25
"- 제8차 : 3. 2 - 5(서울, 그랜트 힐튼 호텔)- 제9차 : 6. 2 - 5(평양, 양각도 호텔)",남북경제협력추진위원회(2회),2004-03-16
- 3.28-30(베이징),남북당국대표회담을 위한 비공개접촉(1회),2004-03-16
"- 제4차 : 4. 8 - 10(개성, 자남산 여관)",남북철도.도로연결실무협의회(1회),2004-04-07
"- 제3차 : 4. 8 - 10(개성, 자남산 여관)",임진강수해방지실무협의회(1회),2004-04-07
"- 4. 27 (개성, 자남산여관)",용천 재해 구호 실무회담(1회),2004-04-29
"- 제4차 : 5.24-25(금강산, 김정숙휴양소)",남북적십자 실무접촉(1회),2004-05-25
"- 제1차 : 2004. 5. 26(금강산, 금강산초대소)- 제2차 : 2004. 6. 3 - 4(설악산, 켄싱턴 스타 호텔)",남북장성급군사회담(2회),2004-05-31
"- 제1차 : 6. 10 - 12(개성, 자남산여관) -> 제21차- 제2차 : 6. 29 - 30(파주, 홍원연수원) -> 제22차- 수석대표접촉 : 7. 5(개성, 자남산여관) -> 제23차",남북장성급군사회담 실무대표접촉(3회) - '남북군사실무회담'으로 변경(07.6.15),2004-06-10
"- 6. 23 - 25(북경, 켐핀스키 호텔)",아테네올림픽 남북공동입장을 위한 실무접촉(1회),2004-07-01
"- 제2차 : 6. 24 - 25(개성, 자남산여관)",개성공단건설실무협의회(1회),2004-07-01
"- 제1차 : 6. 25(서해지구 남북관리구역 도로연결지점)- 제2차 : 6. 29(파주, 홍원연수원)-> 국방부와 협의에 따라 회담에서 제외",남북장성급군사회담 군사통신실무접촉(2회) - 삭제(07.8.12),2004-07-01
"- 제1차 : 5. 18 - 19(개성, 자남산여관)- 제2차 : 6. 24 - 25(개성, 자남산여관)",남북청산결제 거래에 관한 은행간 실무접촉(2회),2004-07-01
"- 제1차 : 1.23(평화의집), 제2차 : 1.29(통일각), 제3차 : 2.7(평화의집)",남북고위급회담 분과위원회 구성·운영문제 협의를 위한 대표접촉(3회),2004-07-09
"- 2005.4.22(개성, 자남산여관)",북측 조류인플루엔자 관련 남북실무접촉(1회),2005-05-10
"- 2005.5.16-19(개성, 자남산여관)",남북차관급회담(1회),2005-05-21
"- 2005년도 제1차 : 2005.5. 24(개성, 자남산여관)- 2005년도 제2차 : 2005.5. 27(개성, 자남산여관)- 2005년도 제3차 : 2005.5. 28(개성, 자남산여관)",6.15 남북당국공동행사 실무접촉(3회),2005-05-25
- 2005. 6. 17(평양),특사 방문(1회),2005-06-29
- 제10차 : 2005.7.9-12(서울)- 제11차 : 2005. 10.28 (개성공단내 남북경협협의사무소),남북경제협력추진위원회(2회),2005-07-13
"- 제1차 : 2005. 7. 22(개성, 자남산여관)- 제2차 : 2005. 8. 2 (개성, 자남산여관)",8.15 남북당국공동행사 실무접촉(2회),2005-08-23
"- 제1차 : 2005. 7. 25 ~ 27(개성, 자남산여관)",남북수산협력실무협의회(1회),2005-08-23
"- 제5차 : 2005. 7. 28 ~ 7. 30(개성, 자남산여관)",남북철도도로실무협의회(1회),2005-08-23
- 제5차 : 2005. 8. 8. ~ 8. 10(문산),남북해운협력실무접촉(1회),2005-08-23
- 제6차 2005. 8. 23 ~ 25(금강산),남북적십자회담 (1회),2005-08-24
- 제1차 2005. 8. 24 ~ 27 (평양),남북 경공업 및 지하자원개발 실무협의(1회),2005-08-24
"- 제1차 2005. 8. 18 ~ 19 (개성, 자남산여관)",남북농업협력위원회(1회),2005-08-24
"- 제3차 2005. 7. 20 (판문점, 평화의 집) -> 제24차- 제4차 2005. 8. 12 (판문점, 통일각) -> 제25차",남북장성급군사회담 실무대표회담 (2회) - '남북군사실무회담'으로 변경(07.6.15),2005-08-24
"- 제1차 2005. 7. 12 ~ 13 (개성, 자남산여관)- 제2차 2005. 10. 5 (개성, 자남산여관)- 제3차 2005. 10. 7 (개성, 자남산여관)",이산가족 화상상봉 적십자 실무접촉(3회),2005-08-24
"- 제1차 2005. 7. 26 (개성, 자남산여관)- 제2차 2005. 7. 28 (개성, 자남산여관)",8. 15 통일축구경기 실무접촉 (2회),2005-08-24
"- 제1차 2005. 9. 7 (개성, 자남산여관)- 제2차 2005. 11. 22 (개성, 자남산여관)",안중근의사 유해공동발굴사업 남북실무접촉(2회),2005-09-09
"- 제15차 : 2005. 6. 21 - 24 (서울, 워커힐호텔)- 제16차 : 2005. 9. 13 - 16 (평양, 고려호텔)- 제17차 : 2005. 12.13 - 16 (제주, 롯데호텔)",남북장관급회담 (3회),2005-09-20
"- 제1차 : 2005. 10. 20 - 21 (개성, 자남산여관) - 제2차 : 2005. 10. 25 - 26 (개성, 자남산여관)",남북경제협력추진위원회 제11차회의 관련 위원급 준비접촉 (2회),2005-10-24
"- 제1차 : 2005. 9. 29 - 30 (개성, 자남산여관)",남북해운협력협의회 (1회),2005-11-23
2005. 12.7 (개성),단일팀 구성을 위한 남북체육회담,2006-01-04
"- 제2차 : 2005. 11. 3. (판문점, 자유의집) -> 제26차",장성급군사회담 실무대표회담 수석대표접촉 - '제26차 남북군사실무회담'으로 변경(07.6.15),2006-01-21
"- 제2차 : 2006. 1. 19 ~ 20. (개성, 자남산여관)- 제3차 : 2006. 5. 3 ~ 4. (개성, 남북경제협력협의사무소)- 제4차 : 2006. 5. 18 ~ 19. (개성, 남북경제협력협의사무소)",남북경제협력추진위원회 위원급 실무접촉(3회),2006-01-23
- 2005.11.23 - 24 (개성),남북경제협력추진위원회 위원급 실무접촉,2006-01-25
"- 제3차 : 2006. 2. 3, (판문점 북측지역 통일각) -> 제27차",남북장성급군사회담 실무대표회담 수석대표접촉 - '제27차 남북군사실무회담'으로 변경(076.15),2006-02-06
- 제7차 : 2006. 2. 21 ~ 2. 23. (금강산),남북적십자회담 (1회),2006-02-21
- 제11차 2006. 2. 27 ~ 2. 28. (개성 남북경제협력협의사무소)- 제12차 2006. 5. 11 ~ 5. 12. (개성 남북경제협력협의사무소),"남북철도, 도로연결실무접촉(2회)",2006-02-27
- 제3차 : 2006. 3. 2 ~ 3. 3. (판문점 북측 통일각)- 제4차 : 2006. 5.16 ~ 5. 18. (판문점 남측 자유의집),남북장성급군사회담(2회),2006-03-02
"- 제3차 2006. 3. 20 (개성, 자남산여관)",안중근의사 유해공동발굴사업 남북실무접촉(1회),2006-03-27
- 제5차 : 2006.3.17 ~ 22(금강산),남북적십자 실무접촉(1회),2006-04-20
"- 제18차 : 2006.4.21~24(평양, 고려호텔)- 제19차 : 2006.7.11~13(부산, 웨스틴조선호텔)",남북장관급회담(2회),2006-04-25
"- 제1차 : 2006.5.16~17.(금강산, 금강산호텔)- 제2차 : 2006.5.29.(개성, 자남산여관)",김대중 전 대통령 방북 관련 실무접촉(2회),2006-05-18
"- 제1차 : 2006.5.23(개성, 자남산여관)",2006년 6.15 남북당국공동행사 실무접촉(1회),2006-05-24
"- 제12차 : 2006.6.3 ~ 6.6 (제주, 롯데호텔)",남북경제협력추진위원회(1회),2006-06-07
- 제2차 : 2006.6.20~21 (개성 남북경제협력협의사무소),개성공단건설 실무접촉,2006-06-23
- 제1차 : 2006.6.26~27 (개성 남북경제협력협의사무소),임진강수해방지 실무접촉(1회),2006-06-28
- 제2차 : 2006.06.29 (개성 자남산여관)- 제3차 : 2006.11.30~12.2 (카타르 도하 인터콘티넨탈호텔),남북단일팀 구성을 위한 남북체육회담(2회),2006-07-03
- 제1차 : 2006.8.19 (금강산 금강산호텔),대북 수해복구지원 관련 남북적십자 실무접촉,2006-08-24
- 제2차 : 2006.10.2 (판문점 통일각) -> 제28차,남북군사실무회담 수석대표접촉 - '제28차 남북군사실무회담'으로 변경(07.6.15),2006-10-04
"- 제4차 : 2007.2.13. (개성, 자남산여관)",남북단일팀 구성을 위한 남북체육회담,2007-02-14
"- 2007.2.15. (개성, 자남산여관)",제20차 남북장관급회담 개최를 위한 실무대표접촉,2007-02-15
"- 제20차 : 2007.2.27~3.2. (평양, 고려호텔)- 제21차 : 2007.5.29~6.1. (서울, 그랜드힐튼호텔)",남북장관급회담(2회),2007-03-02
"- 제6차 : 2007.3.9~3.10. (금강산, 금강산호텔)",남북적십자 제6차 실무접촉(이산가족면회소 건설추진을 위한),2007-03-12
"- 제5차 : 2007.3.14~15. (개성, 남북경제협력협의사무소)",남북경제협력추진위원회 위원급 실무접촉,2007-03-15
"- 2007.3.30. (개성, 봉동관)",북한구제역 방역지원을 위한 남북실무접촉,2007-03-30
"- 제4차 : 2007.4.10. (개성, 중앙특구개발지도총국 개성공업지구사무소)",안중근의사 유해공동발굴 및 봉환을 위한 실무접촉,2007-04-11
"- 제8차 : 2007.4.10~4.13. (금강산, 금강산호텔)- 제9차 : 2007.11.28~11.30. (금강산, 금강산호텔)",남북적십자회담(2회),2007-04-13
"- 제13차 : 2007.4.18~4.22. (평양, 고려호텔)",남북경제협력추진위원회,2007-04-23
"- 제13차 · 제1차 회의 : 2007.4.27~4.28. (개성, 남북경제협력협의사무소) · 제2차 회의 : 2007.5.13. (개성, 남북경제협력협의사무소)",남북철도·도로연결 실무접촉(2회),2007-04-30
"- 제2차 : 2007.5.2~5.4. (개성, 남북경제협력협의사무소)- 제3차 : 2007.5.22~5.23. (개성, 남북경제협력협의사무소)",남북 경공업 및 지하자원개발 실무협의(2회),2007-05-07
"- 2007.5.8. (개성, 남북경제협력협의사무소)",북한 산림병충해방제 지원을 위한 남북실무접촉,2007-05-09
"- 제5차 : 2007.5.8~11. (판문점, 북측 통일각)- 제6차 : 2007.7.24~26. (판문점, 남측 평화의집)- 제7차 : 2007.12.12~14. (판문점, 남측 평화의집)",남북장성급군사회담(3회),2007-05-10
"- 2007.6.7~8. (개성, 남북경제협력협의사무소)- 2007.7.5~7. (개성, 남북경제협력협의사무소)",남북 경공업 및 지하자원개발 협력 이행기구 실무협의(2회),2007-06-12
"- 제29차 : 2007.6. 8. (판문점, 남측 평화의집)- 제30차 : 2007.7.10. (판문점, 북측 통일각)- 제31차 : 2007.7.16. (판문점, 남측 평화의집)- 제32차 : 2007.11.12. (판문점, 북측 통일각)- 제33차 : 2007.11.20~21. (판문점, 남측 평화의집)- 제34차 : 2007.11.24. (판문점, 남측 평화의집)- 제35차 : 2007.12. 5. (판문점, 북측 통일각)",남북군사실무회담(7회),2007-06-12
"- 제3차 : 2007.6.12~6.13. (개성, 남북경제협력협의사무소)",남북개성공단건설 실무접촉,2007-06-14
"- 2007.6.29~6.30. (개성, 남북경제협력협의사무소)",중유 5만톤 제공을 위한 남북실무접촉,2007-07-02
"- 제1차 : 2007.8.2~3, 평양- 제2차 : 2007.8.4~5, 평양",남북정상회담 개최 관련 남북특사접촉(2회),2007-09-04
"- 2007.8.14. (개성, 자남산여관)",남북정상회담 준비접촉,2007-09-04
"- 제1차 : 2007.8.14. (개성, 자남산여관)- 제2차 : 2007.8.16. (개성, 자남산여관)",남북정상회담 관련 분야별 실무접촉(2회),2007-09-04
"- 2007.10.2~4. (평양, 백화원초대소)",남북정상회담,2007-10-04
"- 제1차 : 2007.10.26. (개성, 자남산여관)- 제2차 : 2007.11.9. (개성, 자남산여관)- 제3차 : 2007.11.11. (개성, 자남산여관)",남북총리회담 예비접촉(3회),2007-10-29
"- 제1차 : 2007.11.5. (개성, 자남산여관)- 제2차 : 2007.12.18. (개성, 자남산여관)",남북농업협력 실무접촉(2회),2007-11-06
"- 2007.11.14~16. (서울, 쉐라톤워커힐호텔)",남북총리회담,2007-11-19
"- 2007.11.20~21. (개성, 자남산여관)",남북철도협력분과위원회 실무접촉,2007-11-22
"- 제2차 : 2007.11.27~29 (평양, 송전각초대소)",남북국방장관회담,2007-11-30
"- 2007.11.28~29. (개성, 자남산여관)",남북도로협력분과위원회 실무접촉,2007-11-30
"- 2007.12.1. (개성, 자남산여관)",남북철도운영공동위원회,2007-12-02
"- 2007.12.4~6. (서울, 그랜드힐튼호텔)",남북경제협력공동위원회,2007-12-07
"- 2007.12.14~15. (개성, 자남산여관)",남북농수산협력분과위원회,2007-12-17
"- 2007.12.17~18. (개성, 자남산여관)",남북기상협력 실무접촉,2007-12-20
"- 2007.12.20~21. (개성, 남북경제협력협의사무소)",개성공단협력분과위원회,2007-12-20
"- 2007.12.20~21. (개성, 자남산여관)",남북보건의료·환경보호협력분과위원회,2007-12-20
"- 제1차 : 2007.12.25. (개성, 남북경제협력협의사무소)",금강산관광 활성화 당국간 실무접촉,2007-12-31
"- 2007.12.25~28. (부산, 웨스틴조선호텔)",남북조선·해운협력분과위원회,2007-12-31
"- 제1차 : 2007.12.28. (개성, 자남산여관)",베이징올림픽 공동응원단 경의선 열차 이용 관련 실무접촉,2007-12-31
"- 2007.12.28~29. (개성, 남북경제협력협의사무소)",서해평화협력특별지대 추진위원회,2007-12-31
"- 제36차 : 2008.1.25. (판문점, 남측 평화의집)- 제37차 : 2008.10.02. (판문점, 남측 평화의집)",남북군사실무회담(2회),2008-01-25
"- 2008.1.29~30. (개성, 남북경제협력협의사무소)",남북철도협력분과위원회 회의,2008-01-31
"- 제2차 : 2008.2.4. (개성, 자남산여관)",베이징올림식 공동응원단 경의선 열차 이용 관련 실무접촉,2008-02-04
"- 제2차 : 2008.2.5. (개성, 남북경제협력협의사무소)",금강산관광 활성화 당국간 실무접촉,2008-02-05
"- 2008.2.12~13. (개성, 남북경제협력협의사무소)",남북도로협력분과위원회 회의,2008-02-14
"- 제1차 실무회담 : 2009.6.11, (개성, 남북경제협력협의사무소)- 제2차 실무회담 : 2009.6.19, (개성, 남북경제협력협의사무소)- 제3차 실무회담 : 2009.7.2, (개성, 남북경제협력협의사무소)",개성공단 관련 남북당국간 실무회담(3회),2009-07-23
"- 남북적십자회담: 2009.8.26~8.28, (금강산, 금강산호텔)",남북적십자회담,2009-09-03
"- 임진강 수해방지 실무회담 : 2009.10.14(개성, 남북경제협력협의사무소)",임진강 수해방지 실무회담,2009-10-19
"- 남북적십자 실무접촉 : 2009.10.16(개성, 남북경제협력협의사무소)",남북적십자 실무접촉,2009-10-19
"제4차 실무회담 : 2010.2.1, (개성, 남북경제협력협의사무소)",개성공단 관련 남북당국간 실무회담,2010-02-02
"- 금강산·개성관광 관련 남북당국간 실무회담 : 2010.2.8(개성, 남북경제협력협의사무소)",금강산·개성관광 관련 남북당국간 실무회담,2010-02-09
"- 개성공단 3통문제 해결을 위한 남북실무접촉 : 2010.03.02(개성, 남북경제협력협의사무소)",개성공단 3통문제 해결을 위한 남북실무접촉,2010-03-10
"남북적십자 실무접촉(9.17) : 2010. 9.17 (개성, 자남산여관)남북적십자 실무접촉(9.24) : 2010. 9.24 (개성, 자남산여관)남북적십자 실무접촉(10.01) : 2010. 10.01 (개성, 자남산여관)",남북적십자 실무접촉,2010-09-24
"제38차 남북군사실무회담 : 2010. 9.30 (판문점, 평화의집)",제38차 남북군사실무회담,2010-09-30
"남북적십자회담(10.26-27) : 2010.10.26-27 (개성, 자남산여관)",남북적십자회담(10.26-27),2010-10-27
"제39차 남북군사실무회담 : 2011.2.8-9(판문점, 평화의집)",제39차 남북군사실무회담,2011-02-08
"이산가족 상봉 등 인도적 문제 해결을 위한 남북 적십자 실무접촉, 2013.8.23~8.23, 판문점 평화의집",남북적십자 실무접촉,2013-06-13
"제1차 개성공단 남북당국 실무회담, 2013.7.6~7.7, 판문점 통일각제2차 개성공단 남북당국 실무회담, 2013.7.10, 개성공단 종합관리센터제3차 개성공단 남북당국 실무회담, 2013.7.15, 개성공단 종합관리센터제4차 개성공단 남북당국 실무회담, 2013.7.17, 개성공단 종합관리센터제5차 개성공단 남북당국 실무회담, 2013.7.22, 개성공단 종합관리센터제6차 개성공단 남북당국 실무회담, 2013.7.25, 개성공단 종합관리센터제7차 개성공단 남북당국 실무회담, 2013.8.14, 개성공단 종합관리센터",개성공단 남북당국 실무회담,2013-08-12
"남북당국자 실무접촉, 2013.06.09~10, 판문점 평화의집",남북당국자 실무접촉,2013-08-23
"개성공단 남북공동위원회 제1차 회의, 2013.9.2, 개성공단 종합관리센터개성공단 남북공동위원회 국제경쟁력 분과위원회 제1차 회의, 2013.9.4, 개성공단 종합관리센터개성공단 남북공동위원회 투자보호 및 관리운영 분과위원회 제1차 회의, 2013.9.4, 개성공단 종합관리센터개성공단 남북공동위원회 출입체류 분과위원회 제1차 회의, 2013.9.5, 개성공단 종합관리센터개성공단 남북공동위원회 통행통신통관 분과위원회 제1차 회의, 2013.9.5, 개성공단 종합관리센터개성공단 남북공동위원회 제2차 회의, 2013.9.10~9.11, 개성공단 종합관리센터개성공단 남북공동위원회 출입체류 분과위원회 제2차 회의, 2013.9.13, 개성공단 종합관리센터개성공단 남북공동위원회 통행통신통관 분과위원회 제2차 회의, 2013.9.13, 개성공단 종합관리센터개성공단 남북공동위원회 제3차 회의, 2013.9.16, 개성공단 종합관리센터개성공단 남북공동위원회 출입체류 분과위원회 제3차 회의, 2013.9.26, 개성공단 종합관리센터개성공단 남북공동위원회 투자보호 및 관리운영 분과위원회 제2차 회의, 2013.11.13, 개성공단 종합관리센터개성공단 남북공동위원회 국제경쟁력 분과위원회 제2차 회의, 2013.11.13, 개성공단 종합관리센터개성공단 남북공동위원회 출입체류 분과위원회 제4차 회의, 2013.11.14, 개성공단 종합관리센터개성공단 남북공동위원회 통행통신통관 분과위원회 제3차 회의, 2013.11.29, 개성공단 종합관리센터개성공단 남북공동위원회 제4차 회의, 2013.12.19, 개성공단 종합관리센터",개성공단 남북공동위원회 회의,2013-09-03
"개성공단 남북공동위원회 통행통신통관 분과위원회 제4차 회의(2014.1.24,개성-개성공단 종합지원센터)개성공단 상사중재위원회 운영을 위한 제1차 회의, 2014.3.13, 개성공단 종합관리센터개성공단 남북공동위원회 제5차 회의, 2014.6.26, 개성공단 종합관리센터",개성공단 남북공동위원회 회의,2014-01-27
"남북적십자 실무접촉(2.5), 2014.2.5, 판문점 통일각",남북적십자 실무접촉(2.5),2014-02-06
"남북 고위급 접촉 - 제1일차 접촉(2.12), 2014.2.12, 판문점 평화의집 / 제2일차 접촉(2.14), 2014.2.14, 판문점 평화의집",남북 고위급 접촉,2014-02-13
인천아시아경기대회 남북실무접촉(2014.7.17. 판문점 [평화의집]),인천아시아경기대회 남북실무접촉,2014-08-14
인천 아시안게임 폐회식 계기 남북고위급회담,인천 아시안게임 폐회식 계기 남북고위급회담,2014-10-07
"남북 군사당국자 접촉, 2014.10.15, 판문점 평화의집",남북 군사당국자 접촉,2014-10-23
"개성공단 남북공동위원회 제6차 회의, 2015.7.16, 개성공단 종합관리센터",개성공단 남북공동위원회 회의,2015-08-31
"남북 고위당국자 접촉, 2015.8.22~24, 판문점 평화의집",남북 고위당국자 접촉,2015-08-31
"남북적십자 실무접촉, 2015.9.7~8, 판문점 평화의집",남북적십자 실무접촉,2015-09-07
